origin,destination,time_difference,typecode,firstseen,filename,is_during_covid,lockdown_name
EHAM,EDDP,3696,B748,2020-04-01T02:31:47.000+02:00,20200401_20200430,true,Eerste lockdown:
EHAM,EGNX,2957,B734,2020-04-01T02:42:58.000+02:00,20200401_20200430,true,Eerste lockdown:
EHAM,LPPT,9865,B738,2020-04-01T07:38:48.000+02:00,20200401_20200430,true,Eerste lockdown:
EHAM,LEBL,6064,B738,2020-04-01T09:06:11.000+02:00,20200401_20200430,true,Eerste lockdown:
EHAM,LEMD,7383,B738,2020-04-01T09:10:47.000+02:00,20200401_20200430,true,Eerste lockdown:
EHAM,EGLL,2733,B738,2020-04-01T09:14:47.000+02:00,20200401_20200430,true,Eerste lockdown:
EHAM,ESSA,6195,B738,2020-04-01T09:19:08.000+02:00,20200401_20200430,true,Eerste lockdown:
EHAM,EIDW,4300,A320,2020-04-01T09:24:37.000+02:00,20200401_20200430,true,Eerste lockdown:
EHAM,EGPF,3996,B738,2020-04-01T09:31:16.000+02:00,20200401_20200430,true,Eerste lockdown:
EHAM,LFPG,2738,B738,2020-04-01T09:35:50.000+02:00,20200401_20200430,true,Eerste lockdown:
EHAM,EIDW,4160,B738,2020-04-01T09:45:37.000+02:00,20200401_20200430,true,Eerste lockdown:
EHEH,LROP,8157,A321,2020-04-01T09:49:01.000+02:00,20200401_20200430,true,Eerste lockdown:
EHAM,LSZH,3791,BCS1,2020-04-01T09:52:43.000+02:00,20200401_20200430,true,Eerste lockdown:
EHAM,EGCC,3166,B738,2020-04-01T10:13:37.000+02:00,20200401_20200430,true,Eerste lockdown:
EHAM,EGPH,4003,B738,2020-04-01T10:21:22.000+02:00,20200401_20200430,true,Eerste lockdown:
EHAM,EDDT,3500,B738,2020-04-01T10:29:03.000+02:00,20200401_20200430,true,Eerste lockdown:
EHAM,EGBB,2867,B738,2020-04-01T10:32:55.000+02:00,20200401_20200430,true,Eerste lockdown:
EHAM,LFPG,3200,A320,2020-04-01T10:37:39.000+02:00,20200401_20200430,true,Eerste lockdown:
EHAM,EDDF,2573,E190,2020-04-01T10:40:31.000+02:00,20200401_20200430,true,Eerste lockdown:
EHAM,LDZA,7150,DH8D,2020-04-01T11:29:42.000+02:00,20200401_20200430,true,Eerste lockdown:
EHBK,LSZM,2662,A332,2020-04-01T11:56:03.000+02:00,20200401_20200430,true,Eerste lockdown:
EHAM,EDDF,90565,B77L,2020-04-01T12:18:58.000+02:00,20200401_20200430,true,Eerste lockdown:
EHEH,EPPO,3937,B738,2020-04-01T15:25:35.000+02:00,20200401_20200430,true,Eerste lockdown:
EHAM,LFPG,3033,A320,2020-04-01T15:45:37.000+02:00,20200401_20200430,true,Eerste lockdown:
EHAM,LFPG,3085,B752,2020-04-01T16:54:46.000+02:00,20200401_20200430,true,Eerste lockdown:
EHEH,LHBP,5714,A320,2020-04-01T17:25:32.000+02:00,20200401_20200430,true,Eerste lockdown:
EHAM,EDDF,2632,E190,2020-04-01T18:30:32.000+02:00,20200401_20200430,true,Eerste lockdown:
EHAM,ESSA,5889,B748,2020-04-01T21:44:36.000+02:00,20200401_20200430,true,Eerste lockdown:
EHAM,EBLG,1600,B77L,2020-04-01T22:37:30.000+02:00,20200401_20200430,true,Eerste lockdown:
EHAM,EGNX,2773,B734,2020-04-02T02:53:42.000+02:00,20200401_20200430,true,Eerste lockdown:
EHAM,LEBL,6262,B738,2020-04-02T08:48:37.000+02:00,20200401_20200430,true,Eerste lockdown:
EHAM,EBBR,1267,E190,2020-04-02T09:06:50.000+02:00,20200401_20200430,true,Eerste lockdown:
EHAM,ESSA,5660,B738,2020-04-02T09:29:57.000+02:00,20200401_20200430,true,Eerste lockdown:
EHAM,LFPG,3158,B738,2020-04-02T09:32:51.000+02:00,20200401_20200430,true,Eerste lockdown:
EHAM,EGLL,2415,B738,2020-04-02T09:35:24.000+02:00,20200401_20200430,true,Eerste lockdown:
EHAM,ESGG,4406,B738,2020-04-02T10:07:49.000+02:00,20200401_20200430,true,Eerste lockdown:
EHAM,EGPH,4293,B738,2020-04-02T10:18:55.000+02:00,20200401_20200430,true,Eerste lockdown:
EHAM,EIDW,4242,A320,2020-04-02T10:30:34.000+02:00,20200401_20200430,true,Eerste lockdown:
EHAM,EDDF,2529,E190,2020-04-02T10:36:09.000+02:00,20200401_20200430,true,Eerste lockdown:
EHAM,LFPG,2399,A320,2020-04-02T10:52:55.000+02:00,20200401_20200430,true,Eerste lockdown:
EHAM,EDDT,3364,B738,2020-04-02T11:21:21.000+02:00,20200401_20200430,true,Eerste lockdown:
EHAM,LDZA,6562,DH8D,2020-04-02T11:28:48.000+02:00,20200401_20200430,true,Eerste lockdown:
EHAM,EGSS,93159,B77L,2020-04-02T12:02:28.000+02:00,20200401_20200430,true,Eerste lockdown:
EHAM,LYBT,7071,A319,2020-04-02T13:24:30.000+02:00,20200401_20200430,true,Eerste lockdown:
EHAM,EGLL,2509,A320,2020-04-02T15:03:00.000+02:00,20200401_20200430,true,Eerste lockdown:
EHAM,EDDF,2891,B763,2020-04-02T15:40:01.000+02:00,20200401_20200430,true,Eerste lockdown:
EHAM,LFPG,2613,A320,2020-04-02T16:03:00.000+02:00,20200401_20200430,true,Eerste lockdown:
EHAM,LFPG,2586,B752,2020-04-02T16:55:48.000+02:00,20200401_20200430,true,Eerste lockdown:
EHEH,LHBP,5377,A320,2020-04-02T17:25:12.000+02:00,20200401_20200430,true,Eerste lockdown:
EHAM,LEMD,7909,B77L,2020-04-02T17:55:34.000+02:00,20200401_20200430,true,Eerste lockdown:
EHAM,EDDF,2499,E190,2020-04-02T18:48:00.000+02:00,20200401_20200430,true,Eerste lockdown:
EHAM,LSZH,3977,BCS1,2020-04-02T20:00:32.000+02:00,20200401_20200430,true,Eerste lockdown:
EHAM,EDDP,3586,B752,2020-04-02T22:00:02.000+02:00,20200401_20200430,true,Eerste lockdown:
EHAM,EGNX,3061,B734,2020-04-03T02:57:53.000+02:00,20200401_20200430,true,Eerste lockdown:
EHEH,EGSS,2637,B738,2020-04-03T09:06:32.000+02:00,20200401_20200430,true,Eerste lockdown:
EHAM,LEBL,6746,B738,2020-04-03T09:06:57.000+02:00,20200401_20200430,true,Eerste lockdown:
EHAM,LPPT,9602,B738,2020-04-03T09:09:50.000+02:00,20200401_20200430,true,Eerste lockdown:
EHAM,LEMD,7829,B738,2020-04-03T09:10:54.000+02:00,20200401_20200430,true,Eerste lockdown:
EHAM,ESSA,5933,B738,2020-04-03T09:16:28.000+02:00,20200401_20200430,true,Eerste lockdown:
EHAM,LFPG,3108,B738,2020-04-03T09:17:59.000+02:00,20200401_20200430,true,Eerste lockdown:
EHAM,EGLL,2807,B738,2020-04-03T09:22:52.000+02:00,20200401_20200430,true,Eerste lockdown:
EHAM,EGPG,4978,B738,2020-04-03T09:25:29.000+02:00,20200401_20200430,true,Eerste lockdown:
EHAM,EIDW,5025,A320,2020-04-03T09:30:38.000+02:00,20200401_20200430,true,Eerste lockdown:
EHAM,EGNT,3455,B738,2020-04-03T09:41:45.000+02:00,20200401_20200430,true,Eerste lockdown:
EHEH,LROP,7865,A321,2020-04-03T09:42:43.000+02:00,20200401_20200430,true,Eerste lockdown:
EHAM,ENGM,4955,E190,2020-04-03T09:58:14.000+02:00,20200401_20200430,true,Eerste lockdown:
EHAM,ESGG,4479,B738,2020-04-03T10:01:15.000+02:00,20200401_20200430,true,Eerste lockdown:
EHAM,EGCC,3838,B738,2020-04-03T10:11:12.000+02:00,20200401_20200430,true,Eerste lockdown:
EHAM,EDDT,3660,B738,2020-04-03T10:18:52.000+02:00,20200401_20200430,true,Eerste lockdown:
EHAM,EGBB,3207,B738,2020-04-03T10:29:57.000+02:00,20200401_20200430,true,Eerste lockdown:
EHAM,LSGG,3525,E190,2020-04-03T10:42:43.000+02:00,20200401_20200430,true,Eerste lockdown:
EHAM,EDDF,2605,E190,2020-04-03T11:11:01.000+02:00,20200401_20200430,true,Eerste lockdown:
EHAM,ENGM,4895,B77L,2020-04-03T11:18:37.000+02:00,20200401_20200430,true,Eerste lockdown:
EHAM,LDZA,6420,DH8D,2020-04-03T11:23:15.000+02:00,20200401_20200430,true,Eerste lockdown:
EHAM,EDDF,2372,B748,2020-04-03T13:27:17.000+02:00,20200401_20200430,true,Eerste lockdown:
EHAM,EGLL,2121,A320,2020-04-03T14:51:53.000+02:00,20200401_20200430,true,Eerste lockdown:
EHAM,LFPG,2481,A320,2020-04-03T15:56:00.000+02:00,20200401_20200430,true,Eerste lockdown:
EHAM,EBLG,1758,B744,2020-04-03T17:33:21.000+02:00,20200401_20200430,true,Eerste lockdown:
EHEH,LHBP,5371,A320,2020-04-03T17:36:49.000+02:00,20200401_20200430,true,Eerste lockdown:
EHAM,EIDW,4684,B738,2020-04-03T18:30:05.000+02:00,20200401_20200430,true,Eerste lockdown:
EHAM,EDDF,2462,E190,2020-04-03T18:34:00.000+02:00,20200401_20200430,true,Eerste lockdown:
EHAM,EDDP,3412,B752,2020-04-03T21:53:07.000+02:00,20200401_20200430,true,Eerste lockdown:
EHAM,LROP,8926,B735,2020-04-04T01:14:48.000+02:00,20200401_20200430,true,Eerste lockdown:
EHAM,EDFH,2676,B744,2020-04-04T02:28:22.000+02:00,20200401_20200430,true,Eerste lockdown:
EHAM,LEMD,7112,B738,2020-04-04T08:38:25.000+02:00,20200401_20200430,true,Eerste lockdown:
EHAM,LOWW,4669,E190,2020-04-04T09:06:09.000+02:00,20200401_20200430,true,Eerste lockdown:
EHAM,LPPT,8896,B738,2020-04-04T09:08:33.000+02:00,20200401_20200430,true,Eerste lockdown:
EHAM,EBBR,1201,E190,2020-04-04T09:09:41.000+02:00,20200401_20200430,true,Eerste lockdown:
EHAM,EGLL,2624,B738,2020-04-04T09:17:42.000+02:00,20200401_20200430,true,Eerste lockdown:
EHAM,LFPG,2960,B738,2020-04-04T09:26:08.000+02:00,20200401_20200430,true,Eerste lockdown:
EHAM,EIDW,4431,A320,2020-04-04T09:28:00.000+02:00,20200401_20200430,true,Eerste lockdown:
EHAM,ENGM,5226,B738,2020-04-04T09:59:48.000+02:00,20200401_20200430,true,Eerste lockdown:
EHAM,EDDT,3399,B738,2020-04-04T10:22:18.000+02:00,20200401_20200430,true,Eerste lockdown:
EHAM,EDDF,2519,E190,2020-04-04T10:47:00.000+02:00,20200401_20200430,true,Eerste lockdown:
EHAM,LEZG,5929,B77L,2020-04-04T11:43:01.000+02:00,20200401_20200430,true,Eerste lockdown:
EHAM,LFPG,3060,A320,2020-04-04T16:23:01.000+02:00,20200401_20200430,true,Eerste lockdown:
EHAM,EGLL,2300,A306,2020-04-04T16:27:51.000+02:00,20200401_20200430,true,Eerste lockdown:
EHAM,EDDF,2481,B763,2020-04-04T16:30:07.000+02:00,20200401_20200430,true,Eerste lockdown:
EHEH,EPPO,4263,B738,2020-04-04T17:23:00.000+02:00,20200401_20200430,true,Eerste lockdown:
EHEH,LHBP,5648,A320,2020-04-04T17:39:00.000+02:00,20200401_20200430,true,Eerste lockdown:
EHAM,EIDW,4067,B738,2020-04-04T18:21:10.000+02:00,20200401_20200430,true,Eerste lockdown:
EHAM,EDDF,2708,E190,2020-04-04T18:28:04.000+02:00,20200401_20200430,true,Eerste lockdown:
EHAM,EGSS,90907,B77L,2020-04-05T08:45:22.000+02:00,20200401_20200430,true,Eerste lockdown:
EHAM,EGLL,2844,B738,2020-04-05T09:14:43.000+02:00,20200401_20200430,true,Eerste lockdown:
EHAM,LEBL,6730,B738,2020-04-05T09:17:03.000+02:00,20200401_20200430,true,Eerste lockdown:
EHEH,EGSS,2294,B738,2020-04-05T09:17:08.000+02:00,20200401_20200430,true,Eerste lockdown:
EHAM,LFPG,3026,B738,2020-04-05T09:25:46.000+02:00,20200401_20200430,true,Eerste lockdown:
EHAM,EIDW,4433,A320,2020-04-05T09:28:03.000+02:00,20200401_20200430,true,Eerste lockdown:
EHAM,ESSA,5642,B738,2020-04-05T09:34:26.000+02:00,20200401_20200430,true,Eerste lockdown:
EHAM,EIDW,4203,E190,2020-04-05T09:38:46.000+02:00,20200401_20200430,true,Eerste lockdown:
EHEH,LROP,8489,A321,2020-04-05T09:46:00.000+02:00,20200401_20200430,true,Eerste lockdown:
EHAM,LSGG,4059,E190,2020-04-05T09:48:43.000+02:00,20200401_20200430,true,Eerste lockdown:
EHAM,ESGG,4159,E190,2020-04-05T09:55:08.000+02:00,20200401_20200430,true,Eerste lockdown:
EHAM,EDDM,3728,E190,2020-04-05T10:05:20.000+02:00,20200401_20200430,true,Eerste lockdown:
EHAM,EDDT,3420,B738,2020-04-05T10:07:44.000+02:00,20200401_20200430,true,Eerste lockdown:
EHAM,EDDF,2351,E190,2020-04-05T10:36:10.000+02:00,20200401_20200430,true,Eerste lockdown:
EHAM,EDDP,3014,A306,2020-04-05T11:54:57.000+02:00,20200401_20200430,true,Eerste lockdown:
EHAM,EGLL,2970,A320,2020-04-05T14:54:11.000+02:00,20200401_20200430,true,Eerste lockdown:
EHAM,LFPG,3110,A320,2020-04-05T15:59:33.000+02:00,20200401_20200430,true,Eerste lockdown:
EHEH,LHBP,5620,A320,2020-04-05T18:08:02.000+02:00,20200401_20200430,true,Eerste lockdown:
EHAM,EDDF,2461,E190,2020-04-05T18:26:14.000+02:00,20200401_20200430,true,Eerste lockdown:
EHAM,EIDW,4325,B738,2020-04-05T18:29:41.000+02:00,20200401_20200430,true,Eerste lockdown:
EHAM,LSZH,4469,BCS3,2020-04-05T20:02:30.000+02:00,20200401_20200430,true,Eerste lockdown:
EHAM,ESSA,5396,B748,2020-04-05T20:13:00.000+02:00,20200401_20200430,true,Eerste lockdown:
EHEH,EGSS,2467,B738,2020-04-06T08:40:32.000+02:00,20200401_20200430,true,Eerste lockdown:
EHAM,LPPT,9536,B738,2020-04-06T09:20:54.000+02:00,20200401_20200430,true,Eerste lockdown:
EHAM,ESSA,5979,B738,2020-04-06T09:33:50.000+02:00,20200401_20200430,true,Eerste lockdown:
EHAM,LFPG,2879,B738,2020-04-06T09:34:26.000+02:00,20200401_20200430,true,Eerste lockdown:
EHAM,EGNT,2791,E190,2020-04-06T09:42:28.000+02:00,20200401_20200430,true,Eerste lockdown:
EHAM,LSGG,4258,E190,2020-04-06T09:47:53.000+02:00,20200401_20200430,true,Eerste lockdown:
EHAM,EIDW,4001,A320,2020-04-06T10:02:42.000+02:00,20200401_20200430,true,Eerste lockdown:
EHAM,LFPG,2804,A320,2020-04-06T10:09:46.000+02:00,20200401_20200430,true,Eerste lockdown:
EHAM,EGCC,2947,B738,2020-04-06T10:19:16.000+02:00,20200401_20200430,true,Eerste lockdown:
EHAM,EGLL,2644,B738,2020-04-06T10:21:18.000+02:00,20200401_20200430,true,Eerste lockdown:
EHAM,EDDF,2729,E190,2020-04-06T10:27:55.000+02:00,20200401_20200430,true,Eerste lockdown:
EHAM,EDDT,3401,B738,2020-04-06T10:33:18.000+02:00,20200401_20200430,true,Eerste lockdown:
EHAM,EDDF,2723,E190,2020-04-06T10:46:34.000+02:00,20200401_20200430,true,Eerste lockdown:
EHAM,EBBR,1430,B788,2020-04-06T13:11:38.000+02:00,20200401_20200430,true,Eerste lockdown:
EHAM,LFPG,2678,B752,2020-04-06T17:01:19.000+02:00,20200401_20200430,true,Eerste lockdown:
EHEH,LHBP,5785,A320,2020-04-06T17:20:34.000+02:00,20200401_20200430,true,Eerste lockdown:
EHBK,LIMC,4273,B77L,2020-04-06T17:26:30.000+02:00,20200401_20200430,true,Eerste lockdown:
EHAM,EDDF,2767,E190,2020-04-06T18:10:00.000+02:00,20200401_20200430,true,Eerste lockdown:
EHAM,EIDW,4435,B738,2020-04-06T18:29:05.000+02:00,20200401_20200430,true,Eerste lockdown:
EHAM,EVRA,6581,B744,2020-04-06T19:16:54.000+02:00,20200401_20200430,true,Eerste lockdown:
EHEH,LKPR,3667,B738,2020-04-06T20:10:01.000+02:00,20200401_20200430,true,Eerste lockdown:
EHAM,LPPT,9230,B738,2020-04-07T09:05:18.000+02:00,20200401_20200430,true,Eerste lockdown:
EHAM,EGLL,3152,B738,2020-04-07T09:18:52.000+02:00,20200401_20200430,true,Eerste lockdown:
EHAM,LOWW,5011,E190,2020-04-07T09:19:20.000+02:00,20200401_20200430,true,Eerste lockdown:
EHAM,ESSA,5883,B738,2020-04-07T09:21:55.000+02:00,20200401_20200430,true,Eerste lockdown:
EHAM,LFPG,3449,B738,2020-04-07T09:24:56.000+02:00,20200401_20200430,true,Eerste lockdown:
EHAM,LFPG,3771,A320,2020-04-07T10:01:15.000+02:00,20200401_20200430,true,Eerste lockdown:
EHAM,EKCH,3357,E190,2020-04-07T10:03:21.000+02:00,20200401_20200430,true,Eerste lockdown:
EHAM,EGCC,3510,B738,2020-04-07T10:16:53.000+02:00,20200401_20200430,true,Eerste lockdown:
EHAM,EDDM,4089,E190,2020-04-07T10:17:46.000+02:00,20200401_20200430,true,Eerste lockdown:
EHAM,EDDT,3967,B738,2020-04-07T10:29:21.000+02:00,20200401_20200430,true,Eerste lockdown:
EHAM,EDDF,2747,E190,2020-04-07T10:40:01.000+02:00,20200401_20200430,true,Eerste lockdown:
EHAM,LFPG,3390,B752,2020-04-07T16:54:49.000+02:00,20200401_20200430,true,Eerste lockdown:
EHEH,LHBP,5785,A320,2020-04-07T17:34:20.000+02:00,20200401_20200430,true,Eerste lockdown:
EHAM,EDDF,3049,E190,2020-04-07T18:18:30.000+02:00,20200401_20200430,true,Eerste lockdown:
EHAM,ENGM,5543,B77L,2020-04-07T18:56:35.000+02:00,20200401_20200430,true,Eerste lockdown:
EHAM,LEZG,7128,B77L,2020-04-07T19:09:49.000+02:00,20200401_20200430,true,Eerste lockdown:
EHAM,EDDP,3408,B752,2020-04-07T22:05:10.000+02:00,20200401_20200430,true,Eerste lockdown:
EHAM,LPPT,8818,B738,2020-04-08T08:01:12.000+02:00,20200401_20200430,true,Eerste lockdown:
EHAM,ESSA,6159,B738,2020-04-08T09:18:10.000+02:00,20200401_20200430,true,Eerste lockdown:
EHAM,LFPG,3347,B738,2020-04-08T09:18:40.000+02:00,20200401_20200430,true,Eerste lockdown:
EHAM,EGLL,3118,B738,2020-04-08T09:26:21.000+02:00,20200401_20200430,true,Eerste lockdown:
EHAM,ENGM,5040,B738,2020-04-08T09:35:58.000+02:00,20200401_20200430,true,Eerste lockdown:
EHAM,LSZH,4336,BCS1,2020-04-08T10:02:09.000+02:00,20200401_20200430,true,Eerste lockdown:
EHAM,EGCC,3692,B738,2020-04-08T10:08:27.000+02:00,20200401_20200430,true,Eerste lockdown:
EHAM,EDDM,3718,E190,2020-04-08T10:15:10.000+02:00,20200401_20200430,true,Eerste lockdown:
EHAM,EDDF,3264,E190,2020-04-08T10:31:34.000+02:00,20200401_20200430,true,Eerste lockdown:
EHBK,LSZM,2487,A332,2020-04-08T11:47:49.000+02:00,20200401_20200430,true,Eerste lockdown:
EHAM,LFPG,3482,A320,2020-04-08T14:48:03.000+02:00,20200401_20200430,true,Eerste lockdown:
EHEH,EBBR,1478,B738,2020-04-08T15:26:40.000+02:00,20200401_20200430,true,Eerste lockdown:
EHAM,LFPG,2687,B752,2020-04-08T16:59:19.000+02:00,20200401_20200430,true,Eerste lockdown:
EHEH,LHBP,5650,A320,2020-04-08T17:18:51.000+02:00,20200401_20200430,true,Eerste lockdown:
EHAM,EBLG,2250,B77L,2020-04-08T17:36:05.000+02:00,20200401_20200430,true,Eerste lockdown:
EHAM,EDDF,2963,E190,2020-04-08T18:33:03.000+02:00,20200401_20200430,true,Eerste lockdown:
EHAM,ESSA,6283,B748,2020-04-08T21:26:10.000+02:00,20200401_20200430,true,Eerste lockdown:
EHAM,EGLL,3279,B738,2020-04-09T09:23:25.000+02:00,20200401_20200430,true,Eerste lockdown:
EHBK,EBOS,2016,B744,2020-04-09T09:25:19.000+02:00,20200401_20200430,true,Eerste lockdown:
EHAM,ESSA,6067,B738,2020-04-09T09:27:17.000+02:00,20200401_20200430,true,Eerste lockdown:
EHAM,LFPG,3291,B738,2020-04-09T09:34:55.000+02:00,20200401_20200430,true,Eerste lockdown:
EHAM,EIDW,4372,A320,2020-04-09T09:37:01.000+02:00,20200401_20200430,true,Eerste lockdown:
EHAM,ENGM,5027,E190,2020-04-09T09:44:23.000+02:00,20200401_20200430,true,Eerste lockdown:
EHAM,EGCC,3361,B738,2020-04-09T10:11:18.000+02:00,20200401_20200430,true,Eerste lockdown:
EHAM,EDDT,3669,B738,2020-04-09T10:16:17.000+02:00,20200401_20200430,true,Eerste lockdown:
EHAM,ESGG,3935,E190,2020-04-09T10:17:54.000+02:00,20200401_20200430,true,Eerste lockdown:
EHAM,EDDF,2877,E190,2020-04-09T10:31:31.000+02:00,20200401_20200430,true,Eerste lockdown:
EHAM,LFPG,3234,A319,2020-04-09T11:07:33.000+02:00,20200401_20200430,true,Eerste lockdown:
EHBK,EDDM,3041,A319,2020-04-09T14:14:13.000+02:00,20200401_20200430,true,Eerste lockdown:
EHAM,LFPG,3210,A320,2020-04-09T15:04:02.000+02:00,20200401_20200430,true,Eerste lockdown:
EHAM,LFPG,2959,B752,2020-04-09T16:54:58.000+02:00,20200401_20200430,true,Eerste lockdown:
EHEH,LHBP,5534,A320,2020-04-09T17:27:43.000+02:00,20200401_20200430,true,Eerste lockdown:
EHAM,EDDF,3034,E190,2020-04-09T18:27:19.000+02:00,20200401_20200430,true,Eerste lockdown:
EHAM,EFHK,7948,E190,2020-04-09T21:30:30.000+02:00,20200401_20200430,true,Eerste lockdown:
EHAM,LEZG,7256,B744,2020-04-10T00:43:19.000+02:00,20200401_20200430,true,Eerste lockdown:
EHAM,EDDF,92586,B77L,2020-04-10T08:58:22.000+02:00,20200401_20200430,true,Eerste lockdown:
EHEH,EGSS,2764,B738,2020-04-10T08:58:36.000+02:00,20200401_20200430,true,Eerste lockdown:
EHAM,EGLL,3406,B738,2020-04-10T09:16:56.000+02:00,20200401_20200430,true,Eerste lockdown:
EHAM,LFPG,3391,B738,2020-04-10T09:29:27.000+02:00,20200401_20200430,true,Eerste lockdown:
EHAM,EIDW,4855,A320,2020-04-10T09:29:36.000+02:00,20200401_20200430,true,Eerste lockdown:
EHAM,ENGM,4844,E190,2020-04-10T09:35:43.000+02:00,20200401_20200430,true,Eerste lockdown:
EHAM,LSZH,4675,BCS1,2020-04-10T09:46:02.000+02:00,20200401_20200430,true,Eerste lockdown:
EHAM,EDDT,3414,B738,2020-04-10T10:22:19.000+02:00,20200401_20200430,true,Eerste lockdown:
EHAM,EFHK,7533,E190,2020-04-10T10:33:13.000+02:00,20200401_20200430,true,Eerste lockdown:
EHAM,EDDF,3081,E190,2020-04-10T10:38:34.000+02:00,20200401_20200430,true,Eerste lockdown:
EHAM,EDDH,2609,E190,2020-04-10T10:55:23.000+02:00,20200401_20200430,true,Eerste lockdown:
EHAM,EDDF,3205,B748,2020-04-10T12:20:04.000+02:00,20200401_20200430,true,Eerste lockdown:
EHAM,LPFR,10792,B738,2020-04-10T13:12:25.000+02:00,20200401_20200430,true,Eerste lockdown:
EHAM,EGLL,3614,B77W,2020-04-10T13:40:32.000+02:00,20200401_20200430,true,Eerste lockdown:
EHAM,LFPG,3430,A320,2020-04-10T14:58:00.000+02:00,20200401_20200430,true,Eerste lockdown:
EHEH,LKKL,3466,B738,2020-04-10T15:05:02.000+02:00,20200401_20200430,true,Eerste lockdown:
EHEH,LHBP,5428,A320,2020-04-10T17:25:30.000+02:00,20200401_20200430,true,Eerste lockdown:
EHAM,EIDW,4425,B738,2020-04-10T18:37:17.000+02:00,20200401_20200430,true,Eerste lockdown:
EHAM,EDDF,2777,E190,2020-04-10T18:49:11.000+02:00,20200401_20200430,true,Eerste lockdown:
EHAM,ESSA,5690,B738,2020-04-11T09:24:36.000+02:00,20200401_20200430,true,Eerste lockdown:
EHAM,EGLL,2637,B738,2020-04-11T09:27:46.000+02:00,20200401_20200430,true,Eerste lockdown:
EHAM,LFPG,3271,B738,2020-04-11T09:31:51.000+02:00,20200401_20200430,true,Eerste lockdown:
EHAM,EIDW,4220,A320,2020-04-11T09:38:50.000+02:00,20200401_20200430,true,Eerste lockdown:
EHAM,EGCC,3092,B738,2020-04-11T10:11:18.000+02:00,20200401_20200430,true,Eerste lockdown:
EHAM,EDDT,3346,B738,2020-04-11T10:21:27.000+02:00,20200401_20200430,true,Eerste lockdown:
EHAM,EDDF,2553,E190,2020-04-11T10:23:20.000+02:00,20200401_20200430,true,Eerste lockdown:
EHAM,LMML,9108,A320,2020-04-11T13:33:03.000+02:00,20200401_20200430,true,Eerste lockdown:
EHAM,LFPG,3750,A320,2020-04-11T14:51:32.000+02:00,20200401_20200430,true,Eerste lockdown:
EHAM,EGLL,2296,A306,2020-04-11T16:34:06.000+02:00,20200401_20200430,true,Eerste lockdown:
EHAM,EDDF,2452,E190,2020-04-11T18:19:36.000+02:00,20200401_20200430,true,Eerste lockdown:
EHAM,EIDW,4328,B738,2020-04-11T18:27:43.000+02:00,20200401_20200430,true,Eerste lockdown:
EHEH,LHBP,5501,A320,2020-04-11T18:49:11.000+02:00,20200401_20200430,true,Eerste lockdown:
EHAM,LROP,8023,A318,2020-04-11T20:46:44.000+02:00,20200401_20200430,true,Eerste lockdown:
EHEH,EGSS,2552,B738,2020-04-12T08:56:47.000+02:00,20200401_20200430,true,Eerste lockdown:
EHAM,ESSA,5734,B738,2020-04-12T09:17:15.000+02:00,20200401_20200430,true,Eerste lockdown:
EHAM,LFPG,3038,B738,2020-04-12T09:22:26.000+02:00,20200401_20200430,true,Eerste lockdown:
EHAM,EIDW,4195,A320,2020-04-12T09:35:03.000+02:00,20200401_20200430,true,Eerste lockdown:
EHAM,LKVO,4356,B738,2020-04-12T09:44:43.000+02:00,20200401_20200430,true,Eerste lockdown:
EHAM,ESGG,4098,E190,2020-04-12T09:54:07.000+02:00,20200401_20200430,true,Eerste lockdown:
EHAM,EBBR,1407,B77L,2020-04-12T10:27:08.000+02:00,20200401_20200430,true,Eerste lockdown:
EHAM,EGLL,2345,A319,2020-04-12T10:45:19.000+02:00,20200401_20200430,true,Eerste lockdown:
EHAM,LFPG,2549,A320,2020-04-12T14:46:02.000+02:00,20200401_20200430,true,Eerste lockdown:
EHAM,EDDF,3247,B763,2020-04-12T15:39:36.000+02:00,20200401_20200430,true,Eerste lockdown:
EHEH,LHBP,5410,A320,2020-04-12T17:50:32.000+02:00,20200401_20200430,true,Eerste lockdown:
EHAM,EIDW,4189,B738,2020-04-12T18:22:31.000+02:00,20200401_20200430,true,Eerste lockdown:
EHAM,EDDF,2553,E190,2020-04-12T18:25:33.000+02:00,20200401_20200430,true,Eerste lockdown:
EHAM,EFHK,7162,E190,2020-04-12T18:54:06.000+02:00,20200401_20200430,true,Eerste lockdown:
EHAM,LSZH,4326,BCS3,2020-04-12T20:20:44.000+02:00,20200401_20200430,true,Eerste lockdown:
EHAM,ESSA,5327,B748,2020-04-12T20:27:30.000+02:00,20200401_20200430,true,Eerste lockdown:
EHEH,EGSS,2820,B738,2020-04-13T08:50:22.000+02:00,20200401_20200430,true,Eerste lockdown:
EHAM,LFPG,3627,B738,2020-04-13T09:15:28.000+02:00,20200401_20200430,true,Eerste lockdown:
EHAM,EIDW,4712,A320,2020-04-13T09:37:01.000+02:00,20200401_20200430,true,Eerste lockdown:
EHAM,EDDF,2522,E190,2020-04-13T10:32:19.000+02:00,20200401_20200430,true,Eerste lockdown:
EHAM,EFHK,7397,E190,2020-04-13T10:36:36.000+02:00,20200401_20200430,true,Eerste lockdown:
EHAM,EDDF,3080,E190,2020-04-13T10:52:06.000+02:00,20200401_20200430,true,Eerste lockdown:
EHAM,EGLL,3922,A319,2020-04-13T14:46:41.000+02:00,20200401_20200430,true,Eerste lockdown:
EHAM,LFPG,3475,A320,2020-04-13T14:56:30.000+02:00,20200401_20200430,true,Eerste lockdown:
EHEH,LHBP,4908,A320,2020-04-13T17:26:00.000+02:00,20200401_20200430,true,Eerste lockdown:
EHAM,EDDF,2865,E190,2020-04-13T18:32:10.000+02:00,20200401_20200430,true,Eerste lockdown:
EHAM,EIDW,4417,B738,2020-04-13T18:48:00.000+02:00,20200401_20200430,true,Eerste lockdown:
EHAM,LGKN,9578,B788,2020-04-13T22:49:25.000+02:00,20200401_20200430,true,Eerste lockdown:
EHAM,EBLG,1826,B744,2020-04-14T08:12:41.000+02:00,20200401_20200430,true,Eerste lockdown:
EHAM,LFPG,2913,B738,2020-04-14T08:48:50.000+02:00,20200401_20200430,true,Eerste lockdown:
EHAM,ESSA,6886,B738,2020-04-14T09:18:13.000+02:00,20200401_20200430,true,Eerste lockdown:
EHAM,LPPT,9090,B738,2020-04-14T09:43:59.000+02:00,20200401_20200430,true,Eerste lockdown:
EHAM,ESGG,4476,E190,2020-04-14T09:56:14.000+02:00,20200401_20200430,true,Eerste lockdown:
EHAM,EDDM,3676,E190,2020-04-14T10:08:27.000+02:00,20200401_20200430,true,Eerste lockdown:
EHAM,LFPG,2836,A319,2020-04-14T10:26:03.000+02:00,20200401_20200430,true,Eerste lockdown:
EHAM,EDDF,2523,E190,2020-04-14T10:34:12.000+02:00,20200401_20200430,true,Eerste lockdown:
EHAM,EDDH,2941,E190,2020-04-14T10:49:13.000+02:00,20200401_20200430,true,Eerste lockdown:
EHAM,LFPG,3149,A320,2020-04-14T15:15:00.000+02:00,20200401_20200430,true,Eerste lockdown:
EHAM,ENGM,5382,B77L,2020-04-14T16:49:10.000+02:00,20200401_20200430,true,Eerste lockdown:
EHAM,LFPG,2639,B752,2020-04-14T17:06:53.000+02:00,20200401_20200430,true,Eerste lockdown:
EHEH,LHBP,5594,A320,2020-04-14T17:29:09.000+02:00,20200401_20200430,true,Eerste lockdown:
EHAM,EDDF,2877,E190,2020-04-14T18:17:01.000+02:00,20200401_20200430,true,Eerste lockdown:
EHAM,EFHK,8441,E190,2020-04-14T18:49:09.000+02:00,20200401_20200430,true,Eerste lockdown:
EHAM,EDDP,3468,B752,2020-04-14T21:50:41.000+02:00,20200401_20200430,true,Eerste lockdown:
EHAM,LPPT,9502,B738,2020-04-15T07:35:59.000+02:00,20200401_20200430,true,Eerste lockdown:
EHAM,ESSB,6604,B738,2020-04-15T09:12:21.000+02:00,20200401_20200430,true,Eerste lockdown:
EHAM,LFPG,2947,B738,2020-04-15T09:22:51.000+02:00,20200401_20200430,true,Eerste lockdown:
EHAM,ENGM,5167,E190,2020-04-15T09:31:22.000+02:00,20200401_20200430,true,Eerste lockdown:
EHAM,EIDW,3931,E190,2020-04-15T09:38:57.000+02:00,20200401_20200430,true,Eerste lockdown:
EHAM,LSZH,3813,BCS1,2020-04-15T09:48:15.000+02:00,20200401_20200430,true,Eerste lockdown:
EHAM,ESGG,4413,E190,2020-04-15T09:51:17.000+02:00,20200401_20200430,true,Eerste lockdown:
EHAM,EGCC,2895,B738,2020-04-15T10:09:14.000+02:00,20200401_20200430,true,Eerste lockdown:
EHAM,EKBI,3210,E190,2020-04-15T10:16:14.000+02:00,20200401_20200430,true,Eerste lockdown:
EHAM,EDDF,2625,E190,2020-04-15T10:44:36.000+02:00,20200401_20200430,true,Eerste lockdown:
EHAM,LFPG,2659,A320,2020-04-15T14:50:11.000+02:00,20200401_20200430,true,Eerste lockdown:
EHAM,LFPG,3566,B752,2020-04-15T16:40:52.000+02:00,20200401_20200430,true,Eerste lockdown:
EHAM,EBBR,17521,B738,2020-04-15T16:55:21.000+02:00,20200401_20200430,true,Eerste lockdown:
EHAM,EBLG,2438,B77L,2020-04-15T17:23:30.000+02:00,20200401_20200430,true,Eerste lockdown:
EHEH,LHBP,5735,A320,2020-04-15T17:25:11.000+02:00,20200401_20200430,true,Eerste lockdown:
EHEH,EHAM,1084,B738,2020-04-15T18:24:13.000+02:00,20200401_20200430,true,Eerste lockdown:
EHAM,EDDF,3144,E190,2020-04-15T18:37:00.000+02:00,20200401_20200430,true,Eerste lockdown:
EHAM,ESSA,6380,B748,2020-04-15T20:42:32.000+02:00,20200401_20200430,true,Eerste lockdown:
EHAM,EDDP,3920,B752,2020-04-15T21:50:32.000+02:00,20200401_20200430,true,Eerste lockdown:
EHAM,LPPT,9919,B738,2020-04-16T07:39:18.000+02:00,20200401_20200430,true,Eerste lockdown:
EHAM,LFPG,2643,B738,2020-04-16T09:19:26.000+02:00,20200401_20200430,true,Eerste lockdown:
EHAM,ESSA,5766,B738,2020-04-16T09:29:20.000+02:00,20200401_20200430,true,Eerste lockdown:
EHAM,EGPG,3759,E190,2020-04-16T09:33:11.000+02:00,20200401_20200430,true,Eerste lockdown:
EHAM,ENGM,4806,E190,2020-04-16T09:35:04.000+02:00,20200401_20200430,true,Eerste lockdown:
EHAM,EIDW,4342,A320,2020-04-16T09:40:00.000+02:00,20200401_20200430,true,Eerste lockdown:
EHAM,EKCH,3482,E190,2020-04-16T09:56:43.000+02:00,20200401_20200430,true,Eerste lockdown:
EHAM,EDDM,3797,E190,2020-04-16T10:11:42.000+02:00,20200401_20200430,true,Eerste lockdown:
EHAM,EDDF,3323,E190,2020-04-16T10:40:00.000+02:00,20200401_20200430,true,Eerste lockdown:
EHAM,LFPG,2666,E190,2020-04-16T10:43:32.000+02:00,20200401_20200430,true,Eerste lockdown:
EHAM,LFPG,3001,A320,2020-04-16T15:17:06.000+02:00,20200401_20200430,true,Eerste lockdown:
EHAM,LFPG,3412,B752,2020-04-16T17:06:25.000+02:00,20200401_20200430,true,Eerste lockdown:
EHEH,LHBP,5336,A320,2020-04-16T17:34:53.000+02:00,20200401_20200430,true,Eerste lockdown:
EHAM,EFHK,7693,E190,2020-04-16T18:39:16.000+02:00,20200401_20200430,true,Eerste lockdown:
EHAM,EDDF,2660,E190,2020-04-16T18:41:36.000+02:00,20200401_20200430,true,Eerste lockdown:
EHAM,LEZG,8273,B744,2020-04-16T21:29:08.000+02:00,20200401_20200430,true,Eerste lockdown:
EHAM,EDDP,3890,B752,2020-04-16T22:03:30.000+02:00,20200401_20200430,true,Eerste lockdown:
EHAM,LKPR,3662,B738,2020-04-17T07:51:03.000+02:00,20200401_20200430,true,Eerste lockdown:
EHEH,EGSS,2753,B738,2020-04-17T09:01:06.000+02:00,20200401_20200430,true,Eerste lockdown:
EHAM,ESSA,6425,B737,2020-04-17T09:19:24.000+02:00,20200401_20200430,true,Eerste lockdown:
EHAM,EGLL,3334,B737,2020-04-17T09:21:21.000+02:00,20200401_20200430,true,Eerste lockdown:
EHAM,EGPF,3955,E190,2020-04-17T09:29:57.000+02:00,20200401_20200430,true,Eerste lockdown:
EHAM,EGNT,2999,E190,2020-04-17T09:41:46.000+02:00,20200401_20200430,true,Eerste lockdown:
EHAM,EIDW,4475,A320,2020-04-17T09:46:01.000+02:00,20200401_20200430,true,Eerste lockdown:
EHAM,EKCH,3754,E190,2020-04-17T09:51:13.000+02:00,20200401_20200430,true,Eerste lockdown:
EHAM,LSZH,4437,BCS1,2020-04-17T09:56:31.000+02:00,20200401_20200430,true,Eerste lockdown:
EHAM,LFPG,3339,B737,2020-04-17T10:16:57.000+02:00,20200401_20200430,true,Eerste lockdown:
EHAM,EFHK,7819,E190,2020-04-17T10:47:43.000+02:00,20200401_20200430,true,Eerste lockdown:
EHAM,EDDF,2948,E190,2020-04-17T10:49:47.000+02:00,20200401_20200430,true,Eerste lockdown:
EHAM,EDDF,3117,B748,2020-04-17T12:37:01.000+02:00,20200401_20200430,true,Eerste lockdown:
EHAM,EGLL,3284,A319,2020-04-17T14:54:32.000+02:00,20200401_20200430,true,Eerste lockdown:
EHAM,LFPG,3365,A320,2020-04-17T14:54:41.000+02:00,20200401_20200430,true,Eerste lockdown:
EHAM,EDDF,3927,B763,2020-04-17T16:34:02.000+02:00,20200401_20200430,true,Eerste lockdown:
EHEH,LHBP,5312,A320,2020-04-17T17:33:47.000+02:00,20200401_20200430,true,Eerste lockdown:
EHAM,EDDF,2963,E190,2020-04-17T18:36:30.000+02:00,20200401_20200430,true,Eerste lockdown:
EHAM,EFHK,7546,E190,2020-04-17T18:38:06.000+02:00,20200401_20200430,true,Eerste lockdown:
EHAM,EIDW,4290,B738,2020-04-17T19:26:04.000+02:00,20200401_20200430,true,Eerste lockdown:
EHAM,LPPT,10024,B737,2020-04-18T09:06:11.000+02:00,20200401_20200430,true,Eerste lockdown:
EHAM,ESSA,6613,B737,2020-04-18T09:14:24.000+02:00,20200401_20200430,true,Eerste lockdown:
EHAM,EGLL,3078,B737,2020-04-18T09:22:19.000+02:00,20200401_20200430,true,Eerste lockdown:
EHAM,LFPG,3335,B737,2020-04-18T09:27:44.000+02:00,20200401_20200430,true,Eerste lockdown:
EHAM,EIDW,4457,A320,2020-04-18T09:48:03.000+02:00,20200401_20200430,true,Eerste lockdown:
EHAM,LSGG,3742,E190,2020-04-18T09:49:37.000+02:00,20200401_20200430,true,Eerste lockdown:
EHAM,LSZH,3494,E190,2020-04-18T09:50:26.000+02:00,20200401_20200430,true,Eerste lockdown:
EHAM,EDDF,3162,E190,2020-04-18T10:39:13.000+02:00,20200401_20200430,true,Eerste lockdown:
EHAM,LFPG,3081,A319,2020-04-18T13:00:03.000+02:00,20200401_20200430,true,Eerste lockdown:
EHAM,LFPG,3529,A320,2020-04-18T14:43:14.000+02:00,20200401_20200430,true,Eerste lockdown:
EHAM,EGLL,3409,A319,2020-04-18T14:51:42.000+02:00,20200401_20200430,true,Eerste lockdown:
EHAM,EGLL,3287,A306,2020-04-18T16:12:04.000+02:00,20200401_20200430,true,Eerste lockdown:
EHEH,LHBP,5198,A320,2020-04-18T17:20:30.000+02:00,20200401_20200430,true,Eerste lockdown:
EHAM,EDDF,3355,E190,2020-04-18T18:18:35.000+02:00,20200401_20200430,true,Eerste lockdown:
EHAM,EIDW,4019,B738,2020-04-18T18:38:30.000+02:00,20200401_20200430,true,Eerste lockdown:
EHBK,LEZG,6274,B77L,2020-04-18T22:03:31.000+02:00,20200401_20200430,true,Eerste lockdown:
EHEH,EGSS,2607,B738,2020-04-19T09:00:50.000+02:00,20200401_20200430,true,Eerste lockdown:
EHAM,LOWW,4942,E190,2020-04-19T09:05:55.000+02:00,20200401_20200430,true,Eerste lockdown:
EHAM,ESSA,6491,B737,2020-04-19T09:25:40.000+02:00,20200401_20200430,true,Eerste lockdown:
EHAM,EIDW,4239,A320,2020-04-19T09:29:09.000+02:00,20200401_20200430,true,Eerste lockdown:
EHAM,LFPG,3780,B737,2020-04-19T09:29:53.000+02:00,20200401_20200430,true,Eerste lockdown:
EHAM,EDDF,2930,E190,2020-04-19T10:43:30.000+02:00,20200401_20200430,true,Eerste lockdown:
EHAM,EVRA,7066,B744,2020-04-19T11:18:13.000+02:00,20200401_20200430,true,Eerste lockdown:
EHAM,EDDP,3537,A306,2020-04-19T12:03:48.000+02:00,20200401_20200430,true,Eerste lockdown:
EHAM,LFPG,3248,A320,2020-04-19T15:02:06.000+02:00,20200401_20200430,true,Eerste lockdown:
EHAM,EDDF,3770,B763,2020-04-19T15:35:32.000+02:00,20200401_20200430,true,Eerste lockdown:
EHEH,LHBP,5161,A320,2020-04-19T17:28:32.000+02:00,20200401_20200430,true,Eerste lockdown:
EHAM,EDDF,3116,E190,2020-04-19T18:28:01.000+02:00,20200401_20200430,true,Eerste lockdown:
EHAM,EFHK,8179,E190,2020-04-19T18:31:32.000+02:00,20200401_20200430,true,Eerste lockdown:
EHAM,EIDW,4111,B738,2020-04-19T18:35:30.000+02:00,20200401_20200430,true,Eerste lockdown:
EHAM,ESSA,6654,B748,2020-04-19T20:37:34.000+02:00,20200401_20200430,true,Eerste lockdown:
EHAM,LSZH,3842,A320,2020-04-19T20:59:35.000+02:00,20200401_20200430,true,Eerste lockdown:
EHEH,EGSS,2598,B738,2020-04-20T08:41:14.000+02:00,20200401_20200430,true,Eerste lockdown:
EHAM,LKPR,3962,B738,2020-04-20T08:46:04.000+02:00,20200401_20200430,true,Eerste lockdown:
EHRD,EHWO,1289,B738,2020-04-20T08:46:15.000+02:00,20200401_20200430,true,Eerste lockdown:
EHAM,LPPT,9480,B737,2020-04-20T09:10:59.000+02:00,20200401_20200430,true,Eerste lockdown:
EHAM,LFPG,2982,B737,2020-04-20T09:27:24.000+02:00,20200401_20200430,true,Eerste lockdown:
EHAM,EGLL,2947,E190,2020-04-20T09:27:28.000+02:00,20200401_20200430,true,Eerste lockdown:
EHAM,ESSA,6094,B737,2020-04-20T09:32:25.000+02:00,20200401_20200430,true,Eerste lockdown:
EHAM,EIDW,4228,A320,2020-04-20T09:35:08.000+02:00,20200401_20200430,true,Eerste lockdown:
EHAM,ESGG,4199,E190,2020-04-20T09:55:15.000+02:00,20200401_20200430,true,Eerste lockdown:
EHAM,EKBI,2930,E190,2020-04-20T10:23:39.000+02:00,20200401_20200430,true,Eerste lockdown:
EHAM,EBMB,1594,E190,2020-04-20T10:32:20.000+02:00,20200401_20200430,true,Eerste lockdown:
EHAM,EFHK,7592,E190,2020-04-20T10:42:19.000+02:00,20200401_20200430,true,Eerste lockdown:
EHAM,EDDF,2744,E190,2020-04-20T10:45:04.000+02:00,20200401_20200430,true,Eerste lockdown:
EHAM,EDDH,2593,E190,2020-04-20T10:50:16.000+02:00,20200401_20200430,true,Eerste lockdown:
EHAM,LFPG,2931,A320,2020-04-20T14:58:00.000+02:00,20200401_20200430,true,Eerste lockdown:
EHAM,LFPG,2689,B752,2020-04-20T16:53:51.000+02:00,20200401_20200430,true,Eerste lockdown:
EHEH,LHBP,5265,A320,2020-04-20T17:37:06.000+02:00,20200401_20200430,true,Eerste lockdown:
EHAM,EGSS,92499,B77L,2020-04-20T17:51:26.000+02:00,20200401_20200430,true,Eerste lockdown:
EHAM,EDDF,2590,E190,2020-04-20T18:36:16.000+02:00,20200401_20200430,true,Eerste lockdown:
EHAM,EIDW,4381,B738,2020-04-20T18:36:33.000+02:00,20200401_20200430,true,Eerste lockdown:
EHAM,EDDP,4001,B752,2020-04-20T22:09:40.000+02:00,20200401_20200430,true,Eerste lockdown:
EHAM,EDDP,4333,A306,2020-04-20T23:27:38.000+02:00,20200401_20200430,true,Eerste lockdown:
EHAM,LPPT,9080,B737,2020-04-21T09:11:33.000+02:00,20200401_20200430,true,Eerste lockdown:
EHAM,EGPF,3885,E190,2020-04-21T09:24:19.000+02:00,20200401_20200430,true,Eerste lockdown:
EHAM,ENGM,4946,E190,2020-04-21T09:31:56.000+02:00,20200401_20200430,true,Eerste lockdown:
EHAM,ESSA,6160,B737,2020-04-21T09:47:08.000+02:00,20200401_20200430,true,Eerste lockdown:
EHAM,LFPG,3101,B737,2020-04-21T09:49:26.000+02:00,20200401_20200430,true,Eerste lockdown:
EHAM,EGNT,2972,E190,2020-04-21T09:51:15.000+02:00,20200401_20200430,true,Eerste lockdown:
EHAM,EDDF,94973,B77L,2020-04-21T09:53:01.000+02:00,20200401_20200430,true,Eerste lockdown:
EHAM,EDDM,3806,E190,2020-04-21T10:05:57.000+02:00,20200401_20200430,true,Eerste lockdown:
EHAM,LFPG,3104,A319,2020-04-21T10:23:41.000+02:00,20200401_20200430,true,Eerste lockdown:
EHAM,EDDF,3107,E190,2020-04-21T10:46:17.000+02:00,20200401_20200430,true,Eerste lockdown:
EHAM,EDDL,1664,E190,2020-04-21T11:03:35.000+02:00,20200401_20200430,true,Eerste lockdown:
EHAM,LFPG,3105,A320,2020-04-21T14:45:01.000+02:00,20200401_20200430,true,Eerste lockdown:
EHAM,LFPG,3370,B752,2020-04-21T16:49:15.000+02:00,20200401_20200430,true,Eerste lockdown:
EHAM,EDDF,2901,B763,2020-04-21T17:09:06.000+02:00,20200401_20200430,true,Eerste lockdown:
EHAM,EDDF,3107,B77L,2020-04-21T17:22:10.000+02:00,20200401_20200430,true,Eerste lockdown:
EHEH,LHBP,5600,A320,2020-04-21T17:28:41.000+02:00,20200401_20200430,true,Eerste lockdown:
EHAM,LEZG,6456,B77L,2020-04-21T17:41:31.000+02:00,20200401_20200430,true,Eerste lockdown:
EHAM,ENGM,5066,B77L,2020-04-21T18:23:32.000+02:00,20200401_20200430,true,Eerste lockdown:
EHAM,EDDF,2566,E190,2020-04-21T18:30:05.000+02:00,20200401_20200430,true,Eerste lockdown:
EHAM,EFHK,7783,E190,2020-04-21T18:50:05.000+02:00,20200401_20200430,true,Eerste lockdown:
EHAM,EDDP,3674,B752,2020-04-21T21:37:35.000+02:00,20200401_20200430,true,Eerste lockdown:
EHAM,LGAV,9801,B763,2020-04-22T08:13:52.000+02:00,20200401_20200430,true,Eerste lockdown:
EHAM,ESSA,6418,B737,2020-04-22T09:08:23.000+02:00,20200401_20200430,true,Eerste lockdown:
EHAM,LFPG,3395,B737,2020-04-22T09:18:19.000+02:00,20200401_20200430,true,Eerste lockdown:
EHAM,ENGM,5349,B737,2020-04-22T09:25:16.000+02:00,20200401_20200430,true,Eerste lockdown:
EHAM,LSZH,4011,BCS1,2020-04-22T09:51:06.000+02:00,20200401_20200430,true,Eerste lockdown:
EHAM,ESGG,4166,E190,2020-04-22T09:51:18.000+02:00,20200401_20200430,true,Eerste lockdown:
EHAM,LKPR,4308,B738,2020-04-22T09:59:24.000+02:00,20200401_20200430,true,Eerste lockdown:
EHAM,EDDF,2954,E190,2020-04-22T10:38:07.000+02:00,20200401_20200430,true,Eerste lockdown:
EHAM,EDDL,1714,E190,2020-04-22T11:04:39.000+02:00,20200401_20200430,true,Eerste lockdown:
EHAM,LROP,9322,B735,2020-04-22T11:45:05.000+02:00,20200401_20200430,true,Eerste lockdown:
EHBK,LSZM,2447,A332,2020-04-22T12:01:11.000+02:00,20200401_20200430,true,Eerste lockdown:
EHAM,LFPG,3653,A320,2020-04-22T14:58:30.000+02:00,20200401_20200430,true,Eerste lockdown:
EHAM,LMML,9752,A320,2020-04-22T16:02:02.000+02:00,20200401_20200430,true,Eerste lockdown:
EHAM,LFPG,3511,B752,2020-04-22T16:54:08.000+02:00,20200401_20200430,true,Eerste lockdown:
EHEH,LHBP,5602,A320,2020-04-22T17:28:00.000+02:00,20200401_20200430,true,Eerste lockdown:
EHAM,EBLG,2358,B77L,2020-04-22T17:39:01.000+02:00,20200401_20200430,true,Eerste lockdown:
EHAM,EDDF,2982,E190,2020-04-22T18:38:09.000+02:00,20200401_20200430,true,Eerste lockdown:
EHAM,ESSA,6454,B748,2020-04-22T20:21:36.000+02:00,20200401_20200430,true,Eerste lockdown:
EHAM,EDDP,3581,B752,2020-04-22T22:07:00.000+02:00,20200401_20200430,true,Eerste lockdown:
EHAM,LPPT,9816,B737,2020-04-23T07:42:26.000+02:00,20200401_20200430,true,Eerste lockdown:
EHAM,ESSA,6476,B737,2020-04-23T09:18:25.000+02:00,20200401_20200430,true,Eerste lockdown:
EHAM,EIDW,4556,A320,2020-04-23T09:28:33.000+02:00,20200401_20200430,true,Eerste lockdown:
EHAM,LFPG,3354,B737,2020-04-23T09:47:54.000+02:00,20200401_20200430,true,Eerste lockdown:
EHAM,EDDS,3251,E190,2020-04-23T09:51:08.000+02:00,20200401_20200430,true,Eerste lockdown:
EHAM,EKCH,3469,E190,2020-04-23T10:01:55.000+02:00,20200401_20200430,true,Eerste lockdown:
EHAM,EGCC,3192,E190,2020-04-23T10:17:17.000+02:00,20200401_20200430,true,Eerste lockdown:
EHAM,EDDT,3513,E190,2020-04-23T10:18:25.000+02:00,20200401_20200430,true,Eerste lockdown:
EHAM,LFPG,3261,A319,2020-04-23T10:21:33.000+02:00,20200401_20200430,true,Eerste lockdown:
EHAM,EGBB,2696,E190,2020-04-23T10:41:42.000+02:00,20200401_20200430,true,Eerste lockdown:
EHAM,EDDF,3324,E190,2020-04-23T10:46:02.000+02:00,20200401_20200430,true,Eerste lockdown:
EHAM,LFPG,3305,A320,2020-04-23T14:56:09.000+02:00,20200401_20200430,true,Eerste lockdown:
EHBK,ENUL,8867,DH8C,2020-04-23T16:32:50.000+02:00,20200401_20200430,true,Eerste lockdown:
EHAM,LFPG,3698,B752,2020-04-23T17:05:58.000+02:00,20200401_20200430,true,Eerste lockdown:
EHEH,LHBP,5695,A320,2020-04-23T17:40:11.000+02:00,20200401_20200430,true,Eerste lockdown:
EHAM,BIKF,10496,B738,2020-04-23T18:18:21.000+02:00,20200401_20200430,true,Eerste lockdown:
EHAM,EDDF,3110,B763,2020-04-23T18:24:08.000+02:00,20200401_20200430,true,Eerste lockdown:
EHAM,EDDF,2920,E190,2020-04-23T18:37:31.000+02:00,20200401_20200430,true,Eerste lockdown:
EHAM,EDDF,2541,B763,2020-04-23T20:46:40.000+02:00,20200401_20200430,true,Eerste lockdown:
EHAM,EDDP,4040,A306,2020-04-23T23:15:31.000+02:00,20200401_20200430,true,Eerste lockdown:
EHEH,EGSS,2828,B738,2020-04-24T09:09:42.000+02:00,20200401_20200430,true,Eerste lockdown:
EHAM,LPPT,9789,B737,2020-04-24T09:11:49.000+02:00,20200401_20200430,true,Eerste lockdown:
EHAM,ESSA,6424,B737,2020-04-24T09:12:54.000+02:00,20200401_20200430,true,Eerste lockdown:
EHAM,LFPG,3346,B737,2020-04-24T09:20:27.000+02:00,20200401_20200430,true,Eerste lockdown:
EHAM,EIDW,4706,A320,2020-04-24T09:39:32.000+02:00,20200401_20200430,true,Eerste lockdown:
EHAM,EGNT,3261,E190,2020-04-24T09:45:26.000+02:00,20200401_20200430,true,Eerste lockdown:
EHAM,EKCH,3539,E190,2020-04-24T09:51:53.000+02:00,20200401_20200430,true,Eerste lockdown:
EHAM,LSZH,4132,BCS1,2020-04-24T09:58:36.000+02:00,20200401_20200430,true,Eerste lockdown:
EHAM,EDDT,3209,E190,2020-04-24T10:29:59.000+02:00,20200401_20200430,true,Eerste lockdown:
EHAM,EFHK,7920,E190,2020-04-24T10:35:14.000+02:00,20200401_20200430,true,Eerste lockdown:
EHAM,EDDF,3294,E190,2020-04-24T10:39:01.000+02:00,20200401_20200430,true,Eerste lockdown:
EHAM,EDDH,2654,E190,2020-04-24T10:52:44.000+02:00,20200401_20200430,true,Eerste lockdown:
EHAM,EDDL,1602,E75L,2020-04-24T11:06:10.000+02:00,20200401_20200430,true,Eerste lockdown:
EHAM,EDDF,4062,B748,2020-04-24T14:05:32.000+02:00,20200401_20200430,true,Eerste lockdown:
EHAM,LFPG,3549,A320,2020-04-24T14:44:31.000+02:00,20200401_20200430,true,Eerste lockdown:
EHEH,LHBP,5363,A320,2020-04-24T17:36:47.000+02:00,20200401_20200430,true,Eerste lockdown:
EHAM,EDDF,3036,E190,2020-04-24T18:31:39.000+02:00,20200401_20200430,true,Eerste lockdown:
EHAM,EIDW,4186,B738,2020-04-24T18:46:43.000+02:00,20200401_20200430,true,Eerste lockdown:
EHAM,EDDP,4276,A306,2020-04-24T23:18:32.000+02:00,20200401_20200430,true,Eerste lockdown:
EHAM,LPPT,9692,B737,2020-04-25T09:01:56.000+02:00,20200401_20200430,true,Eerste lockdown:
EHAM,ESSA,6366,B737,2020-04-25T09:15:43.000+02:00,20200401_20200430,true,Eerste lockdown:
EHAM,EGLL,3380,B737,2020-04-25T09:16:56.000+02:00,20200401_20200430,true,Eerste lockdown:
EHAM,LFPG,3542,B737,2020-04-25T09:27:26.000+02:00,20200401_20200430,true,Eerste lockdown:
EHAM,EIDW,4670,A320,2020-04-25T09:41:39.000+02:00,20200401_20200430,true,Eerste lockdown:
EHAM,LSGG,3624,E190,2020-04-25T09:48:55.000+02:00,20200401_20200430,true,Eerste lockdown:
EHAM,LSZH,3361,E190,2020-04-25T09:51:25.000+02:00,20200401_20200430,true,Eerste lockdown:
EHAM,EBBR,1663,E75L,2020-04-25T09:52:46.000+02:00,20200401_20200430,true,Eerste lockdown:
EHAM,ESGG,4141,E190,2020-04-25T09:56:57.000+02:00,20200401_20200430,true,Eerste lockdown:
EHEH,EPPO,4962,B738,2020-04-25T10:27:54.000+02:00,20200401_20200430,true,Eerste lockdown:
EHAM,EDDF,2997,E190,2020-04-25T10:30:51.000+02:00,20200401_20200430,true,Eerste lockdown:
EHAM,EKBI,3220,E75L,2020-04-25T11:00:17.000+02:00,20200401_20200430,true,Eerste lockdown:
EHAM,EDDL,1575,E75L,2020-04-25T11:39:14.000+02:00,20200401_20200430,true,Eerste lockdown:
EHAM,LMML,9388,A320,2020-04-25T14:30:09.000+02:00,20200401_20200430,true,Eerste lockdown:
EHAM,LFPG,3283,A318,2020-04-25T15:04:33.000+02:00,20200401_20200430,true,Eerste lockdown:
EHBK,LKPD,4309,B734,2020-04-25T15:30:38.000+02:00,20200401_20200430,true,Eerste lockdown:
EHAM,EGLL,3201,A306,2020-04-25T16:24:03.000+02:00,20200401_20200430,true,Eerste lockdown:
EHEH,LHBP,5400,A320,2020-04-25T17:32:25.000+02:00,20200401_20200430,true,Eerste lockdown:
EHAM,EDDF,2595,E190,2020-04-25T18:43:09.000+02:00,20200401_20200430,true,Eerste lockdown:
EHAM,EIDW,4092,B738,2020-04-25T18:45:53.000+02:00,20200401_20200430,true,Eerste lockdown:
EHBK,EDDK,1361,B734,2020-04-25T21:03:48.000+02:00,20200401_20200430,true,Eerste lockdown:
EHBK,LEZG,5898,B77L,2020-04-25T22:57:00.000+02:00,20200401_20200430,true,Eerste lockdown:
EHEH,EGSS,2457,B738,2020-04-26T09:06:00.000+02:00,20200401_20200430,true,Eerste lockdown:
EHAM,LPPT,9491,B737,2020-04-26T09:13:08.000+02:00,20200401_20200430,true,Eerste lockdown:
EHAM,ESSA,6180,B737,2020-04-26T09:21:11.000+02:00,20200401_20200430,true,Eerste lockdown:
EHAM,LFPG,3346,B737,2020-04-26T09:27:13.000+02:00,20200401_20200430,true,Eerste lockdown:
EHAM,EBBR,1416,E75L,2020-04-26T09:39:50.000+02:00,20200401_20200430,true,Eerste lockdown:
EHAM,EGPD,3982,E190,2020-04-26T09:44:55.000+02:00,20200401_20200430,true,Eerste lockdown:
EHAM,LSGG,3841,E75L,2020-04-26T09:52:28.000+02:00,20200401_20200430,true,Eerste lockdown:
EHAM,EIDW,4122,A320,2020-04-26T10:02:35.000+02:00,20200401_20200430,true,Eerste lockdown:
EHAM,EKBI,2996,E75L,2020-04-26T10:24:28.000+02:00,20200401_20200430,true,Eerste lockdown:
EHAM,EDDT,3234,E190,2020-04-26T10:27:23.000+02:00,20200401_20200430,true,Eerste lockdown:
EHAM,EGBB,2689,E190,2020-04-26T10:35:19.000+02:00,20200401_20200430,true,Eerste lockdown:
EHAM,EDDF,2796,E190,2020-04-26T10:51:51.000+02:00,20200401_20200430,true,Eerste lockdown:
EHAM,EDDL,1680,E75L,2020-04-26T11:13:23.000+02:00,20200401_20200430,true,Eerste lockdown:
EHAM,EDDP,3319,A306,2020-04-26T12:20:02.000+02:00,20200401_20200430,true,Eerste lockdown:
EHBK,EDDM,2691,A319,2020-04-26T13:53:14.000+02:00,20200401_20200430,true,Eerste lockdown:
EHAM,LFPG,3020,A318,2020-04-26T15:10:30.000+02:00,20200401_20200430,true,Eerste lockdown:
EHAM,EDDF,3487,B763,2020-04-26T15:59:31.000+02:00,20200401_20200430,true,Eerste lockdown:
EHAM,LEMD,7513,B77L,2020-04-26T17:06:31.000+02:00,20200401_20200430,true,Eerste lockdown:
EHEH,LHBP,5493,A320,2020-04-26T17:36:22.000+02:00,20200401_20200430,true,Eerste lockdown:
EHAM,EIDW,4036,B738,2020-04-26T18:33:07.000+02:00,20200401_20200430,true,Eerste lockdown:
EHAM,EDDF,2618,E190,2020-04-26T18:36:38.000+02:00,20200401_20200430,true,Eerste lockdown:
EHAM,LIMC,4810,B77L,2020-04-26T18:44:32.000+02:00,20200401_20200430,true,Eerste lockdown:
EHAM,LSZH,4487,BCS1,2020-04-26T20:10:13.000+02:00,20200401_20200430,true,Eerste lockdown:
EHAM,ESSA,5557,B748,2020-04-26T20:21:32.000+02:00,20200401_20200430,true,Eerste lockdown:
EHEH,EGSS,2498,B738,2020-04-27T08:35:43.000+02:00,20200401_20200430,true,Eerste lockdown:
EHAM,LPPT,9159,B737,2020-04-27T09:12:03.000+02:00,20200401_20200430,true,Eerste lockdown:
EHAM,EGPF,3998,E75L,2020-04-27T09:27:20.000+02:00,20200401_20200430,true,Eerste lockdown:
EHAM,LFPG,2643,B737,2020-04-27T09:28:50.000+02:00,20200401_20200430,true,Eerste lockdown:
EHAM,EGLL,2467,E190,2020-04-27T09:32:38.000+02:00,20200401_20200430,true,Eerste lockdown:
EHAM,EBBR,1467,E75L,2020-04-27T09:33:27.000+02:00,20200401_20200430,true,Eerste lockdown:
EHAM,EIDW,4197,A320,2020-04-27T09:41:39.000+02:00,20200401_20200430,true,Eerste lockdown:
EHAM,EGNT,3296,E190,2020-04-27T09:50:54.000+02:00,20200401_20200430,true,Eerste lockdown:
EHAM,EGCC,3124,E190,2020-04-27T10:14:44.000+02:00,20200401_20200430,true,Eerste lockdown:
EHAM,EFHK,7289,E190,2020-04-27T10:39:35.000+02:00,20200401_20200430,true,Eerste lockdown:
EHAM,EDDF,3094,E190,2020-04-27T10:58:48.000+02:00,20200401_20200430,true,Eerste lockdown:
EHAM,EDDL,1532,E75L,2020-04-27T11:11:54.000+02:00,20200401_20200430,true,Eerste lockdown:
EHAM,LFPG,2630,A320,2020-04-27T15:02:19.000+02:00,20200401_20200430,true,Eerste lockdown:
EHEH,LHBP,5377,A320,2020-04-27T17:34:49.000+02:00,20200401_20200430,true,Eerste lockdown:
EHAM,EBLG,1239,B744,2020-04-27T17:47:05.000+02:00,20200401_20200430,true,Eerste lockdown:
EHAM,EDDF,2547,E190,2020-04-27T18:30:40.000+02:00,20200401_20200430,true,Eerste lockdown:
EHAM,LPPT,9537,B737,2020-04-28T09:12:28.000+02:00,20200401_20200430,true,Eerste lockdown:
EHAM,ESSA,5638,B737,2020-04-28T09:19:53.000+02:00,20200401_20200430,true,Eerste lockdown:
EHAM,LFPG,3573,B737,2020-04-28T09:22:26.000+02:00,20200401_20200430,true,Eerste lockdown:
EHAM,EGNT,3068,E75L,2020-04-28T09:43:13.000+02:00,20200401_20200430,true,Eerste lockdown:
EHAM,LSGG,4314,E75L,2020-04-28T09:46:28.000+02:00,20200401_20200430,true,Eerste lockdown:
EHAM,LSZH,3687,E75L,2020-04-28T09:50:54.000+02:00,20200401_20200430,true,Eerste lockdown:
EHAM,ESGG,4036,E75L,2020-04-28T09:57:54.000+02:00,20200401_20200430,true,Eerste lockdown:
EHAM,EDDH,2393,E75L,2020-04-28T10:53:25.000+02:00,20200401_20200430,true,Eerste lockdown:
EHAM,EDDF,3240,E190,2020-04-28T10:54:00.000+02:00,20200401_20200430,true,Eerste lockdown:
EHAM,EDDL,1681,E75L,2020-04-28T11:05:54.000+02:00,20200401_20200430,true,Eerste lockdown:
EHAM,ENGM,4670,B77L,2020-04-28T13:37:33.000+02:00,20200401_20200430,true,Eerste lockdown:
EHAM,LFPG,3171,A320,2020-04-28T14:56:08.000+02:00,20200401_20200430,true,Eerste lockdown:
EHAM,LFPG,3072,B752,2020-04-28T17:01:19.000+02:00,20200401_20200430,true,Eerste lockdown:
EHAM,EDDF,3822,B763,2020-04-28T17:16:43.000+02:00,20200401_20200430,true,Eerste lockdown:
EHAM,EDDF,3926,B77L,2020-04-28T17:26:03.000+02:00,20200401_20200430,true,Eerste lockdown:
EHEH,LHBP,5324,A320,2020-04-28T17:27:03.000+02:00,20200401_20200430,true,Eerste lockdown:
EHAM,LEZG,7062,B77L,2020-04-28T18:32:02.000+02:00,20200401_20200430,true,Eerste lockdown:
EHAM,EDDF,3021,E190,2020-04-28T18:43:30.000+02:00,20200401_20200430,true,Eerste lockdown:
EHAM,ENGM,4767,B77L,2020-04-28T18:59:02.000+02:00,20200401_20200430,true,Eerste lockdown:
EHAM,LPPT,9438,B737,2020-04-29T07:44:27.000+02:00,20200401_20200430,true,Eerste lockdown:
EHAM,EGLL,2598,B737,2020-04-29T09:17:57.000+02:00,20200401_20200430,true,Eerste lockdown:
EHAM,LFPG,2813,B737,2020-04-29T09:30:57.000+02:00,20200401_20200430,true,Eerste lockdown:
EHAM,EBBR,1429,E75L,2020-04-29T09:38:09.000+02:00,20200401_20200430,true,Eerste lockdown:
EHAM,EGPF,4008,E75L,2020-04-29T09:39:37.000+02:00,20200401_20200430,true,Eerste lockdown:
EHAM,LSGG,3812,E75L,2020-04-29T09:42:45.000+02:00,20200401_20200430,true,Eerste lockdown:
EHAM,EIDW,4275,E190,2020-04-29T09:43:51.000+02:00,20200401_20200430,true,Eerste lockdown:
EHAM,LSZH,3621,E75L,2020-04-29T09:45:34.000+02:00,20200401_20200430,true,Eerste lockdown:
EHAM,EBCI,1662,A343,2020-04-29T09:47:05.000+02:00,20200401_20200430,true,Eerste lockdown:
EHAM,LSZH,3655,BCS1,2020-04-29T09:49:35.000+02:00,20200401_20200430,true,Eerste lockdown:
EHAM,ESGG,4052,E75L,2020-04-29T09:58:35.000+02:00,20200401_20200430,true,Eerste lockdown:
EHAM,EGBB,2991,E75L,2020-04-29T10:32:17.000+02:00,20200401_20200430,true,Eerste lockdown:
EHAM,EDDF,2692,E190,2020-04-29T10:39:34.000+02:00,20200401_20200430,true,Eerste lockdown:
EHAM,EFHK,7014,E190,2020-04-29T10:44:35.000+02:00,20200401_20200430,true,Eerste lockdown:
EHAM,EDDF,3461,B763,2020-04-29T15:43:42.000+02:00,20200401_20200430,true,Eerste lockdown:
EHAM,LFPG,3123,B752,2020-04-29T16:56:48.000+02:00,20200401_20200430,true,Eerste lockdown:
EHEH,LHBP,5577,A320,2020-04-29T17:34:19.000+02:00,20200401_20200430,true,Eerste lockdown:
EHAM,EBLG,1338,B77L,2020-04-29T17:38:04.000+02:00,20200401_20200430,true,Eerste lockdown:
EHAM,EDDF,2638,E190,2020-04-29T19:36:09.000+02:00,20200401_20200430,true,Eerste lockdown:
EHAM,ESSA,5868,B748,2020-04-29T20:07:11.000+02:00,20200401_20200430,true,Eerste lockdown:
EHAM,EGGW,2815,B763,2020-04-30T06:17:54.000+02:00,20200401_20200430,true,Eerste lockdown:
EHAM,LPPT,9481,B737,2020-04-30T07:37:57.000+02:00,20200401_20200430,true,Eerste lockdown:
EHAM,ESSA,5706,B737,2020-04-30T09:17:12.000+02:00,20200401_20200430,true,Eerste lockdown:
EHAM,EIDW,3944,A320,2020-04-30T09:33:34.000+02:00,20200401_20200430,true,Eerste lockdown:
EHAM,EBBR,1350,E75L,2020-04-30T09:42:54.000+02:00,20200401_20200430,true,Eerste lockdown:
EHAM,EIDW,4218,E75L,2020-04-30T09:43:53.000+02:00,20200401_20200430,true,Eerste lockdown:
EHAM,LFPG,2998,B737,2020-04-30T09:45:25.000+02:00,20200401_20200430,true,Eerste lockdown:
EHAM,ESGG,4060,E75L,2020-04-30T09:57:49.000+02:00,20200401_20200430,true,Eerste lockdown:
EHAM,EGCC,2953,E190,2020-04-30T10:18:44.000+02:00,20200401_20200430,true,Eerste lockdown:
EHAM,EDDT,3377,E190,2020-04-30T10:25:26.000+02:00,20200401_20200430,true,Eerste lockdown:
EHAM,EGBB,2906,E75L,2020-04-30T10:32:16.000+02:00,20200401_20200430,true,Eerste lockdown:
EHAM,EDDH,2390,E75L,2020-04-30T10:50:17.000+02:00,20200401_20200430,true,Eerste lockdown:
EHAM,EDDL,1624,E75L,2020-04-30T10:58:44.000+02:00,20200401_20200430,true,Eerste lockdown:
EHAM,EDDF,2938,E190,2020-04-30T11:00:09.000+02:00,20200401_20200430,true,Eerste lockdown:
EHAM,LFPG,2922,A320,2020-04-30T15:11:04.000+02:00,20200401_20200430,true,Eerste lockdown:
EHAM,LFPG,2687,B752,2020-04-30T16:52:22.000+02:00,20200401_20200430,true,Eerste lockdown:
EHEH,LHBP,5644,A320,2020-04-30T17:34:53.000+02:00,20200401_20200430,true,Eerste lockdown:
EHAM,EDDF,2824,E190,2020-04-30T18:22:08.000+02:00,20200401_20200430,true,Eerste lockdown:
EHAM,EFHK,6936,E190,2020-04-30T19:02:04.000+02:00,20200401_20200430,true,Eerste lockdown:
EHAM,LSZM,3050,B77L,2020-04-30T19:41:37.000+02:00,20200401_20200430,true,Eerste lockdown:
EHAM,EDDF,2665,B763,2020-04-30T19:55:04.000+02:00,20200401_20200430,true,Eerste lockdown:
EHAM,EDDP,3628,B752,2020-04-30T21:56:11.000+02:00,20200401_20200430,true,Eerste lockdown:
