ADEP,ADES,year,avg_delay_departure,avg_delay_destination,avg_total_delay,avg_filed_duration,avg_actual_duration
EHAM,LFMN,2021,150.36754176610978,-150.01193317422434,0.3556085918854415,6735.334128878281,6735.689737470167
EHAM,BIKF,2021,283.67469879518075,484.4759036144578,768.1506024096385,10789.415662650603,11557.56626506024
EHAM,LEVC,2020,-37.46330275229358,166.75229357798165,129.28899082568807,7858.715596330275,7988.004587155963
EHEH,LDDU,2020,500.0,143.33333333333334,643.3333333333334,7679.0,8322.333333333334
EHAM,LGKR,2020,-408.0,-146.06666666666666,-554.0666666666667,9002.266666666666,8448.2
EHRD,LDPL,2020,74.0,208.0,282.0,6022.571428571428,6304.571428571428
EHEH,LKPR,2021,-87.6774193548387,-339.83870967741933,-427.51612903225805,4498.193548387097,4070.6774193548385
EHBK,LEGR,2020,2580.0,2847.0,5427.0,9345.0,14772.0
EHEH,EDDF,2021,240.0,-1399.0,-1159.0,4493.0,3334.0
EHBK,LROP,2021,-54.5,-372.125,-426.625,9103.125,8676.5
EHAM,EHBK,2020,132.0,564.2,696.2,1818.2,2514.4
EHRD,LGKO,2021,315.625,206.875,522.5,11864.125,12386.625
EHAM,EGNJ,2020,-214.03703703703704,419.9259259259259,205.88888888888889,2986.962962962963,3192.8518518518517
EHAM,LIPX,2021,158.88732394366198,285.7042253521127,444.59154929577466,5582.87323943662,6027.4647887323945
EHAM,LOWS,2021,156.1,102.2,258.3,5057.033333333334,5315.333333333333
EHAM,EGLC,2020,-111.99666666666667,155.23666666666668,43.24,2987.65,3030.89
EHEH,EPWR,2020,-385.8125,-671.625,-1057.4375,5301.6875,4244.25
EHAM,EBLG,2020,-993.08,279.28,-713.8,1397.96,684.16
EHBK,EHRD,2020,420.0,256.0,676.0,2233.0,2909.0
EHEH,LEMG,2021,98.49528301886792,146.04716981132074,244.54245283018867,9806.155660377359,10050.698113207547
EHEH,EPKK,2020,-263.22727272727275,-268.54545454545456,-531.7727272727273,5836.943181818182,5305.170454545455
EHEH,LEBL,2021,242.66336633663366,184.63366336633663,427.2970297029703,6908.227722772277,7335.524752475248
EHAM,EDDB,2020,-93.82022471910112,66.83707865168539,-26.98314606741573,4011.4719101123596,3984.4887640449438
EHAM,EGPD,2020,-198.97014925373134,75.33955223880596,-123.63059701492537,4610.242537313433,4486.611940298508
EHAM,EYKA,2021,-60.0,-496.0,-556.0,7362.0,6806.0
EHRD,EHAM,2021,-1500.0,-1050.0,-2550.0,1018.0,-1532.0
EHAM,LIMC,2021,194.38498789346247,-245.46973365617433,-51.08474576271186,5935.142857142857,5884.058111380145
EHAM,EDDB,2021,85.38145896656535,528.1747720364741,613.5562310030396,3825.785714285714,4439.341945288754
EHAM,EGNX,2021,20.13157894736842,265.36842105263156,285.5,3545.065789473684,3830.565789473684
EHEH,LICC,2021,305.9,-2.7666666666666666,303.1333333333333,9380.633333333333,9683.766666666666
EHGG,EBBR,2021,240.0,476.0,716.0,2857.0,3573.0
EHEH,LGZA,2021,248.0,382.3333333333333,630.3333333333334,9969.466666666667,10599.8
EHAM,LMML,2020,300.25925925925924,580.7037037037037,880.9629629629629,9911.0,10791.962962962964
EHAM,EGAC,2020,-138.48837209302326,119.81395348837209,-18.674418604651162,4850.418604651163,4831.7441860465115
EHBK,EDDF,2020,86.375,-262.5,-176.125,3274.625,3098.5
EHRD,LGZA,2021,315.0,101.25,416.25,10341.75,10758.0
EHRD,LIML,2021,600.0,213.0,813.0,5528.0,6341.0
EHEH,LIRQ,2021,360.0,3550.0,3910.0,6172.0,10082.0
EHAM,LFRS,2021,214.8230769230769,565.9846153846154,780.8076923076923,4743.130769230769,5523.9384615384615
EHAM,LEBL,2020,228.15648854961833,415.2729007633588,643.4293893129772,6956.666030534351,7600.095419847328
EHEH,EPGD,2020,-387.9107142857143,-555.0,-942.9107142857143,5574.375,4631.464285714285
EHAM,EPWR,2020,-117.18181818181819,-72.94545454545455,-190.12727272727273,5169.454545454545,4979.327272727272
EHAM,LGAV,2020,91.98051948051948,104.77597402597402,196.7564935064935,10827.295454545454,11024.051948051949
EHEH,EGCC,2020,-344.2916666666667,-266.8333333333333,-611.125,4117.791666666667,3506.6666666666665
EHBK,LOWI,2020,540.0,1017.0,1557.0,3866.5,5423.5
EHRD,LIML,2020,-1402.0,-1287.0,-2689.0,5496.0,2807.0
EHEH,LGAV,2021,54.84090909090909,-134.5,-79.6590909090909,10587.0,10507.34090909091
EHBK,LEAL,2021,30.774193548387096,-9.193548387096774,21.580645161290324,8805.290322580646,8826.870967741936
EHBK,LQBK,2021,900.0,940.0,1840.0,6620.0,8460.0
EHAM,EFIV,2021,180.0,166.0,346.0,11906.0,12252.0
EHAM,LIPO,2021,240.0,182.0,422.0,5353.0,5775.0
EHAM,EFKT,2020,-22.0625,364.8125,342.75,9491.5,9834.25
EHEH,EBBR,2020,-154.0,197.0,43.0,1533.0,1576.0
EHAM,LOWI,2021,371.72340425531917,585.1702127659574,956.8936170212766,4788.255319148936,5745.148936170212
EHAM,LFBD,2020,114.92822966507177,437.0430622009569,551.9712918660288,5364.11961722488,5916.090909090909
EHLE,ESMS,2020,960.0,-550.0,410.0,6606.0,7016.0
EHAM,LEST,2021,404.3703703703704,649.1111111111111,1053.4814814814815,8056.407407407408,9109.888888888889
EHAM,ENGM,2020,-22.32420091324201,192.5662100456621,170.2420091324201,5543.518264840182,5713.760273972603
EHEH,EFHK,2020,-180.0,-362.0,-542.0,7638.0,7096.0
EHBK,EDDL,2020,60.0,257.0,317.0,1570.0,1887.0
EHEH,LOWG,2021,-300.0,-380.5,-680.5,5364.5,4684.0
EHAM,LEBL,2021,228.91440953412786,477.8277356446371,706.7421451787649,6968.911159263272,7675.653304442037
EHAM,EDDC,2020,-176.34146341463415,336.9024390243902,160.5609756097561,3776.609756097561,3937.170731707317
EHEH,LMML,2020,-320.22222222222223,-545.1111111111111,-865.3333333333334,9628.222222222223,8762.888888888889
EHAM,EGLF,2020,0.0,233.0,233.0,3967.0,4200.0
EHRD,LDZD,2020,-280.5,-405.6666666666667,-686.1666666666666,6617.833333333333,5931.666666666667
EHBK,LIMC,2020,1344.0,172.8,1516.8,6000.0,7516.8
EHAM,EGPF,2021,81.0340909090909,502.86742424242425,583.9015151515151,4615.19696969697,5199.098484848485
EHEH,EIDW,2021,128.72413793103448,-68.89655172413794,59.827586206896555,5670.0,5729.827586206897
EHGG,ESKS,2021,-60.0,-12.0,-72.0,5913.5,5841.5
EHAM,ENBR,2020,-193.53586497890296,23.50632911392405,-170.0295358649789,5321.869198312236,5151.839662447257
EHEH,LIRP,2021,193.45945945945945,388.9189189189189,582.3783783783783,5412.364864864865,5994.743243243243
EHEH,LIRN,2021,330.0,371.6875,701.6875,7560.125,8261.8125
EHAM,LFML,2020,60.82248520710059,213.79881656804733,274.6213017751479,5972.934911242603,6247.556213017751
EHAM,EVRA,2020,-120.92215568862275,222.22155688622755,101.2994011976048,6982.161676646707,7083.461077844311
EHAM,EVRA,2021,-51.17112299465241,382.3850267379679,331.2139037433155,7119.395721925133,7450.60962566845
EHAM,LEIB,2021,262.8338658146965,204.91693290734824,467.75079872204475,8971.373801916932,9439.124600638977
EHAM,LGTS,2020,305.78846153846155,362.5192307692308,668.3076923076923,9631.73076923077,10300.038461538461
EHRD,LGKO,2020,-342.5,-488.0,-830.5,12476.0,11645.5
EHAM,EDDV,2021,-21.434782608695652,76.57971014492753,55.14492753623188,2960.314009661836,3015.458937198068
EHAM,LSZH,2021,181.0317757009346,330.49719626168223,511.5289719626168,4241.009345794392,4752.538317757009
EHEH,LYBE,2021,84.3076923076923,69.92307692307692,154.23076923076923,7163.153846153846,7317.384615384615
EHAM,LGPZ,2021,186.78688524590163,401.8360655737705,588.6229508196722,9614.377049180328,10203.0
EHBK,LIBD,2021,-79.57142857142857,92.07142857142857,12.5,7303.0,7315.5
EHAM,EPKK,2020,27.7,237.04375,264.74375,5817.05,6081.79375
EHBK,LEMG,2020,1620.0,1303.0,2923.0,10675.0,13598.0
EHEH,EBBR,2021,-450.0,-25.5,-475.5,1520.25,1044.75
EHAM,ENTO,2020,-229.37735849056602,30.452830188679247,-198.9245283018868,4976.773584905661,4777.8490566037735
EHEH,LDRI,2020,-436.4,-420.8,-857.2,5606.8,4749.6
EHRD,LEMG,2021,47.94871794871795,223.97435897435898,271.9230769230769,9765.410256410256,10037.333333333334
EHRD,LEVC,2020,-188.46666666666667,-432.46666666666664,-620.9333333333333,7983.866666666667,7362.933333333333
EHBK,LIBD,2020,-87.27272727272727,87.45454545454545,0.18181818181818182,7326.181818181818,7326.363636363636
EHBK,LGZA,2021,375.0,324.25,699.25,9513.75,10213.0
EHAM,LPPR,2021,176.82554517133957,449.0404984423676,625.8660436137071,8723.598130841121,9349.464174454828
EHAM,EGGD,2021,52.005,379.42,431.425,3918.125,4349.55
EHEH,LIRF,2021,285.0,-160.97297297297297,124.02702702702703,7135.351351351352,7259.378378378378
EHRD,LEMG,2020,-64.95945945945945,23.87837837837838,-41.08108108108108,9678.391891891892,9637.31081081081
EHRD,LOWS,2020,-198.6969696969697,-739.3030303030303,-938.0,5156.454545454545,4218.454545454545
EHRD,EGPH,2020,-360.0,-198.16666666666666,-558.1666666666666,4633.5,4075.3333333333335
EHRD,LDZD,2021,258.6666666666667,233.33333333333334,492.0,6487.777777777777,6979.777777777777
EHAM,EFHK,2021,103.21627906976744,451.02558139534887,554.2418604651162,7838.906976744186,8393.148837209303
EHAM,LPFR,2020,321.6142857142857,309.9214285714286,631.5357142857143,10535.814285714287,11167.35
EHRD,LGIR,2020,-347.9166666666667,-516.25,-864.1666666666666,12350.416666666666,11486.25
EHRD,LOWK,2020,-540.0,-226.0,-766.0,5398.0,4632.0
EHEH,LDRI,2021,146.66666666666666,355.6666666666667,502.3333333333333,5712.777777777777,6215.111111111111
EHRD,LGRP,2021,308.57142857142856,365.85714285714283,674.4285714285714,12014.714285714286,12689.142857142857
EHEH,LQBK,2021,-298.8666666666667,-356.93333333333334,-655.8,6446.2,5790.4
EHAM,EFKS,2020,-176.71428571428572,24.285714285714285,-152.42857142857142,9572.142857142857,9419.714285714286
EHBK,LFSB,2021,-80.775,-337.75,-418.525,3417.85,2999.325
EHRD,EDDM,2021,-312.0,2028.0,1716.0,4632.0,6348.0
EHRD,EDDF,2021,-360.0,-1085.0,-1445.0,4803.0,3358.0
EHAM,LICT,2021,1440.0,1434.0,2874.0,10100.0,12974.0
EHAM,LEMD,2020,85.80672268907563,345.09453781512605,430.9012605042017,7896.621848739495,8327.523109243697
EHAM,LOWG,2020,-178.45,173.05,-5.4,5164.7,5159.3
EHBK,LEZG,2020,-390.0,-434.25,-824.25,7037.0,6212.75
EHAM,LIEO,2021,463.45762711864404,145.03389830508473,608.4915254237288,8347.135593220339,8955.627118644068
EHAM,EDDL,2020,-120.47972972972973,-86.29391891891892,-206.77364864864865,2301.8074324324325,2095.0337837837837
EHAM,LGKL,2020,60.0,320.6363636363636,380.6363636363636,10919.545454545454,11300.181818181818
EHEH,ENVA,2020,-682.0,-745.0,-1427.0,7442.0,6015.0
EHGG,LEBL,2021,-505.0,248.0,-257.0,8273.0,8016.0
EHAM,LHBP,2020,2.424,168.592,171.016,6365.424,6536.44
EHAM,LIML,2020,-219.22368421052633,181.4078947368421,-37.81578947368421,5007.289473684211,4969.473684210527
EHAM,LIMF,2020,79.77142857142857,532.2714285714286,612.0428571428571,5065.614285714286,5677.657142857143
EHEH,LYBE,2020,-13.75,-36.333333333333336,-50.083333333333336,7356.833333333333,7306.75
EHAM,LDPL,2021,-240.0,164.0,-76.0,6079.5,6003.5
EHAM,EPKK,2021,91.78397212543554,124.19163763066202,215.97560975609755,6145.864111498257,6361.839721254355
EHEH,EPGD,2021,29.980392156862745,-90.23529411764706,-60.254901960784316,5655.431372549019,5595.176470588235
EHEH,EGSS,2021,-34.58771929824562,144.89473684210526,110.30701754385964,3127.9824561403507,3238.2894736842104
EHAM,EDDK,2021,1296.0,844.25,2140.25,3534.25,5674.5
EHEH,LIPE,2021,214.36363636363637,-4.621212121212121,209.74242424242425,5622.560606060606,5832.30303030303
EHEH,LATI,2021,298.05263157894734,255.21052631578948,553.2631578947369,8219.526315789473,8772.78947368421
EHRD,LEVC,2021,-57.60606060606061,-92.54545454545455,-150.15151515151516,7966.424242424242,7816.272727272727
EHAM,EGPF,2020,-145.15613382899627,124.04460966542752,-21.111524163568774,4693.289962825279,4672.17843866171
EHEH,LROP,2020,-212.25,-524.5,-736.75,9187.346153846154,8450.596153846154
EHEH,LRIA,2021,21.363636363636363,269.95454545454544,291.3181818181818,8560.136363636364,8851.454545454546
EHRD,LEIB,2021,92.6,-304.6375,-212.0375,8831.125,8619.0875
EHTW,LIPE,2021,-214.0,-99.0,-313.0,6070.0,5757.0
EHEH,LEMD,2020,-84.8,-129.6,-214.4,7950.95,7736.55
EHEH,LHDC,2020,-126.35,-283.95,-410.3,7063.5,6653.2
EHBK,ENBR,2020,660.0,169.0,829.0,11722.0,12551.0
EHEH,ENDU,2021,-360.0,-145.33333333333334,-505.3333333333333,10737.666666666666,10232.333333333334
EHBK,ENGM,2021,-160.0,-460.4791666666667,-620.4791666666666,6558.729166666667,5938.25
EHAM,LOWG,2021,29.048780487804876,394.0731707317073,423.1219512195122,5403.341463414634,5826.463414634146
EHAM,EKVG,2021,-1680.0,616.0,-1064.0,5744.0,4680.0
EHBK,LEZG,2021,-317.14285714285717,-333.42857142857144,-650.5714285714286,7022.285714285715,6371.714285714285
EHAM,LEBB,2020,-97.13138686131387,37.284671532846716,-59.846715328467155,6700.094890510949,6640.248175182482
EHEH,LBSF,2020,-88.06611570247934,-323.1735537190083,-411.2396694214876,9009.421487603306,8598.181818181818
EHEH,LIME,2021,245.5735294117647,-193.0735294117647,52.5,5392.308823529412,5444.808823529412
EHEH,LBSF,2021,126.54867256637168,-46.64601769911504,79.90265486725664,8848.097345132743,8928.0
EHAM,EDDN,2020,-165.09604519774012,163.05649717514123,-2.0395480225988702,3541.7118644067796,3539.6723163841807
EHEH,LIPE,2020,61.04761904761905,-414.4761904761905,-353.42857142857144,5752.523809523809,5399.0952380952385
EHEH,LRCL,2020,-241.3548387096774,-312.4516129032258,-553.8064516129032,7808.580645161291,7254.774193548387
EHEH,LWOH,2021,852.4285714285714,722.5714285714286,1575.0,8548.0,10123.0
EHEH,LJMB,2020,-660.0,-403.0,-1063.0,5704.0,4641.0
EHAM,LDZA,2021,224.0057306590258,374.64469914040114,598.6504297994269,6294.948424068768,6893.598853868195
EHAM,EDFH,2021,1620.0,2260.0,3880.0,2725.0,6605.0
EHAM,LIPZ,2020,115.68181818181819,-304.47474747474746,-188.7929292929293,6121.222222222223,5932.429292929293
EHEH,ESSA,2020,-518.0,-500.5,-1018.5,6473.0,5454.5
EHEH,LRIA,2020,-225.8181818181818,-326.45454545454544,-552.2727272727273,8810.181818181818,8257.90909090909
EHAM,LGRP,2020,-189.76470588235293,-80.0,-269.7647058823529,12274.470588235294,12004.70588235294
EHBK,EDDB,2020,-90.0,-330.5,-420.5,4126.0,3705.5
EHAM,EPWA,2021,151.84916201117318,7.236499068901304,159.0856610800745,6486.446927374302,6645.532588454376
EHEH,EPKT,2021,100.47916666666667,120.9375,221.41666666666666,5746.416666666667,5967.833333333333
EHEH,LZIB,2021,440.0,48.55555555555556,488.55555555555554,5985.222222222223,6473.777777777777
EHBK,EDDB,2021,-911.0,-764.2857142857143,-1675.2857142857142,4047.5714285714284,2372.285714285714
EHRD,LEBB,2021,-136.8,-415.05,-551.85,6973.2,6421.35
EHAM,LEAL,2021,151.1725,461.92,613.0925,8597.18,9210.2725
EHAM,LIPE,2021,124.92391304347827,262.768115942029,387.69202898550725,5822.11231884058,6209.804347826087
EHEH,LQTZ,2021,-23.689655172413794,88.93103448275862,65.24137931034483,6854.517241379311,6919.758620689655
EHEH,LEVC,2020,-117.4776119402985,-336.8358208955224,-454.3134328358209,8002.731343283582,7548.417910447762
EHAM,EGNX,2020,-178.1206896551724,-322.2758620689655,-500.3965517241379,3808.2413793103447,3307.844827586207
EHRD,LRCL,2021,-60.0,-591.0,-651.0,13016.0,12365.0
EHAM,LICC,2021,275.1770833333333,74.64583333333333,349.8229166666667,9840.645833333334,10190.46875
EHEH,LBWN,2021,225.0,-143.53333333333333,81.46666666666667,10029.777777777777,10111.244444444445
EHRD,LIBR,2020,180.0,363.6666666666667,543.6666666666666,8380.555555555555,8924.222222222223
EHEH,LGRP,2020,-561.2857142857143,-675.2857142857143,-1236.5714285714287,12466.0,11229.42857142857
EHAM,EIDW,2021,81.90094979647219,187.06919945725915,268.97014925373134,5014.584803256445,5283.554952510176
EHAM,EGHI,2021,-55.65625,327.28125,271.625,3600.40625,3872.03125
EHEH,LFML,2021,403.8421052631579,578.8421052631579,982.6842105263158,5586.8421052631575,6569.526315789473
EHRD,EKYT,2020,-302.0,-226.0,-528.0,5734.5,5206.5
EHAM,EGLF,2021,270.0,1765.0,2035.0,2585.0,4620.0
EHBK,ESGG,2020,120.0,192.0,312.0,6268.0,6580.0
EHAM,EDDW,2021,-126.05,34.325,-91.725,2777.89375,2686.16875
EHGG,EKYT,2021,-360.0,-407.0,-767.0,5124.0,4357.0
EHRD,LEPA,2020,-240.0,-540.5,-780.5,7313.0,6532.5
EHAM,LPFR,2021,215.715,287.46,503.175,10520.405,11023.58
EHAM,EGNV,2021,-60.42307692307692,251.03846153846155,190.6153846153846,3784.423076923077,3975.0384615384614
EHAM,EGGD,2020,-187.9438202247191,123.45318352059925,-64.49063670411985,3768.7228464419477,3704.232209737828
EHAM,LGZA,2021,328.64864864864865,637.4256756756756,966.0743243243244,10240.763513513513,11206.837837837838
EHRD,LFTH,2021,36.92307692307692,-313.6923076923077,-276.7692307692308,6552.538461538462,6275.7692307692305
EHAM,LROP,2020,193.07142857142858,-10.88888888888889,182.18253968253967,9332.015873015873,9514.198412698413
EHRD,EGLF,2020,-1320.0,-1181.0,-2501.0,4088.0,1587.0
EHRD,LIRZ,2021,-89.27777777777777,32.27777777777778,-57.0,6445.611111111111,6388.611111111111
EHTW,EHAM,2021,1320.0,1150.0,2470.0,2519.0,4989.0
EHRD,EDDB,2020,-1456.0,-1141.0,-2597.0,3845.0,1248.0
EHAM,LIRN,2021,214.986301369863,353.43150684931504,568.417808219178,7848.130136986301,8416.547945205479
EHAM,EGPE,2021,50.476190476190474,413.35714285714283,463.8333333333333,5222.357142857143,5686.190476190476
EHAM,LPBJ,2020,660.0,129.0,789.0,9531.0,10320.0
EHEH,LEPA,2020,-311.2105263157895,-530.6578947368421,-841.8684210526316,7623.973684210527,6782.105263157895
EHAM,EDHI,2020,1507.0,1138.0,2645.0,3400.0,6045.0
EHEH,LROP,2021,45.51923076923077,-259.75,-214.23076923076923,9115.788461538461,8901.557692307691
EHAM,LOWW,2021,155.26530612244898,582.0068027210884,737.2721088435375,5339.789115646258,6077.061224489796
EHEH,LDZA,2021,249.1,187.9,437.0,5705.1,6142.1
EHRD,LGIR,2021,104.21428571428571,-89.82142857142857,14.392857142857142,12123.642857142857,12138.035714285714
EHAM,LFRS,2020,-27.084615384615386,345.8615384615385,318.7769230769231,4668.8538461538465,4987.630769230769
EHRD,LEAM,2020,-720.0,-942.0,-1662.0,9333.0,7671.0
EHEH,LYPG,2021,600.0,558.0,1158.0,7704.0,8862.0
EHAM,EGSH,2021,-105.90697674418605,120.04651162790698,14.13953488372093,2501.6046511627906,2515.7441860465115
EHGG,EPPO,2021,720.0,928.0,1648.0,6332.0,7980.0
EHAM,LOWS,2020,66.03225806451613,-14.483870967741936,51.54838709677419,4843.8387096774195,4895.387096774193
EHAM,LIPE,2020,128.992,394.344,523.336,5671.624,6194.96
EHAM,EGAA,2020,-122.08823529411765,284.5882352941176,162.5,4975.823529411765,5138.323529411765
EHRD,LFLS,2020,180.0,162.5,342.5,4929.5,5272.0
EHBK,EINN,2020,0.0,351.0,351.0,5844.0,6195.0
EHAM,ENVA,2020,-211.7906976744186,261.7829457364341,49.992248062015506,6776.372093023256,6826.364341085271
EHAM,EDDT,2020,-94.0406779661017,199.6542372881356,105.6135593220339,3780.227118644068,3885.840677966102
EHBK,LFQB,2020,780.0,473.0,1253.0,3040.0,4293.0
EHRD,LPFR,2021,18.827956989247312,-14.946236559139784,3.881720430107527,10268.150537634408,10272.032258064517
EHAM,LEIB,2020,-134.36,-217.27,-351.63,8719.02,8367.39
EHEH,EDDB,2021,960.0,1563.0,2523.0,3602.0,6125.0
EHAM,EDDG,2021,-60.0,-5629.0,-5689.0,8678.0,2989.0
EHRD,LIRF,2021,-241.42857142857142,-831.4285714285714,-1072.857142857143,7369.428571428572,6296.571428571428
EHAM,EGPE,2020,-183.6,-46.68,-230.28,5132.9,4902.62
EHAM,LFMT,2020,-152.94545454545454,-158.47272727272727,-311.41818181818184,6091.345454545454,5779.927272727273
EHAM,EHRD,2021,-120.0,485.0,365.0,799.6666666666666,1164.6666666666667
EHRD,LSGG,2021,-720.0,-1114.0,-1834.0,4705.0,2871.0
EHAM,EGNM,2020,-212.16959064327486,66.84210526315789,-145.32748538011697,3434.2748538011697,3288.9473684210525
EHEH,EKCH,2021,-243.0,-217.45,-460.45,4422.95,3962.5
EHEH,LUKK,2021,165.75,351.25,517.0,8910.416666666666,9427.416666666666
EHGG,EKBI,2020,-1078.5,-1287.5,-2366.0,3351.0,985.0
EHEH,LEVC,2021,87.97841726618705,-31.431654676258994,56.54676258992806,7979.410071942446,8035.956834532374
EHAM,EGNT,2020,-230.148,-66.576,-296.724,3935.58,3638.856
EHEH,LDSP,2020,696.0,3200.0,3896.0,6661.0,10557.0
EHBK,LBSF,2020,750.0,534.5,1284.5,8713.5,9998.0
EHAM,LIRQ,2020,121.57065217391305,608.445652173913,730.0163043478261,6028.75,6758.766304347826
EHEH,LEIB,2020,-414.9642857142857,-969.6071428571429,-1384.5714285714287,8711.964285714286,7327.392857142857
EHEH,LEZL,2021,69.39344262295081,58.68852459016394,128.08196721311475,9545.147540983606,9673.22950819672
EHRD,LDSP,2021,-90.13333333333334,-142.53333333333333,-232.66666666666666,7074.133333333333,6841.466666666666
EHBK,LOWW,2021,195.0,214.25,409.25,5282.75,5692.0
EHAM,LSZH,2020,43.12090163934426,62.467213114754095,105.58811475409836,4285.938524590164,4391.526639344263
EHAM,ESMX,2020,-231.73333333333332,204.46666666666667,-27.266666666666666,4478.666666666667,4451.4
EHRD,LGKR,2021,-133.0,-35.125,-168.125,9109.625,8941.5
EHAM,LIMJ,2021,144.40449438202248,397.76404494382024,542.1685393258427,5749.404494382023,6291.573033707865
EHAM,EKBI,2020,-227.5236593059937,211.02208201892745,-16.501577287066247,3204.9211356466876,3188.4195583596215
EHAM,EGTE,2020,373.8333333333333,195.83333333333334,569.6666666666666,5367.833333333333,5937.5
EHAM,LEMD,2021,171.09379310344826,424.4593103448276,595.5531034482758,7979.0344827586205,8574.587586206897
EHAM,LEST,2020,-131.16666666666666,394.77777777777777,263.6111111111111,7600.944444444444,7864.555555555556
EHAM,LGSA,2020,-302.72727272727275,-310.54545454545456,-613.2727272727273,11868.09090909091,11254.818181818182
EHAM,EHBK,2021,300.0,784.5,1084.5,2211.5,3296.0
EHAM,EDDW,2020,-185.39716312056737,-152.60992907801418,-338.0070921985816,2777.3829787234044,2439.375886524823
EHEH,LZIB,2020,100.0,-320.3333333333333,-220.33333333333334,6000.333333333333,5780.0
EHBK,EGGW,2020,-420.0,-1216.0,-1636.0,4570.0,2934.0
EHAM,EGCN,2021,180.0,684.0,864.0,3053.0,3917.0
EHBK,LIMC,2021,-239.11111111111111,-1218.3333333333333,-1457.4444444444443,5390.333333333333,3932.8888888888887
EHEH,LPPT,2020,-36.375,-88.421875,-124.796875,10033.0,9908.203125
EHAM,LFSB,2021,27.774703557312254,64.3913043478261,92.16600790513834,4048.7588932806325,4140.924901185771
EHAM,EDDN,2021,89.93119266055047,283.8807339449541,373.8119266055046,3743.0091743119265,4116.821100917431
EHRD,EHBK,2021,660.0,428.0,1088.0,2385.0,3473.0
EHAM,LPPT,2020,217.8653846153846,358.3525641025641,576.2179487179487,9857.0,10433.21794871795
EHEH,EGPF,2020,180.0,-138.0,42.0,5481.0,5523.0
EHAM,EPWR,2021,91.07575757575758,106.33333333333333,197.4090909090909,5296.166666666667,5493.575757575758
EHAM,EDMA,2020,-570.0,-542.5,-1112.5,4044.5,2932.0
EHAM,EPPO,2020,21.6,-170.8,-149.2,5096.8,4947.6
EHRD,LDPL,2021,-106.41176470588235,-115.52941176470588,-221.94117647058823,5977.235294117647,5755.294117647059
EHEH,LRCL,2021,-62.07692307692308,-153.82051282051282,-215.89743589743588,7714.692307692308,7498.794871794872
EHAM,EKCH,2020,-127.09515570934256,47.207612456747405,-79.88754325259515,4082.112456747405,4002.2249134948097
EHAM,EGFF,2020,-170.03030303030303,229.43434343434345,59.4040404040404,3820.7272727272725,3880.131313131313
EHAM,LDZA,2020,195.24870466321244,366.31088082901556,561.5595854922279,6287.388601036269,6848.948186528497
EHRD,LPPR,2020,180.0,-1603.0,-1423.0,16056.0,14633.0
EHEH,LMML,2021,82.8,179.6,262.4,9428.3,9690.7
EHAM,EGHI,2020,-250.31578947368422,66.02631578947368,-184.28947368421052,3890.3684210526317,3706.0789473684213
EHAM,ESNX,2020,-180.0,37.0,-143.0,8211.0,8068.0
EHRD,LFRQ,2020,180.0,398.0,578.0,8252.0,8830.0
EHBK,LDZD,2021,-74.5,-17.0,-91.5,5864.125,5772.625
EHAM,LEZL,2021,283.90625,514.9375,798.84375,9793.15625,10592.0
EHAM,EDDP,2021,270.83098591549293,350.11737089201876,620.9483568075117,4142.981220657277,4763.929577464789
EHAM,EHEH,2021,335.57894736842104,515.6842105263158,851.2631578947369,1694.5263157894738,2545.7894736842104
EHAM,EIDW,2020,-126.14837712519319,-155.8531684698609,-282.0015455950541,5130.449768160742,4848.4482225656875
EHAM,LEVC,2021,230.13823529411764,298.96176470588233,529.1,8087.464705882353,8616.564705882352
EHAM,EGPD,2021,75.13074204946996,339.36395759717317,414.4946996466431,4740.650176678445,5155.144876325088
EHEH,EPKK,2021,12.57391304347826,-72.36521739130434,-59.791304347826085,5969.608695652174,5909.817391304347
EHAM,LZKZ,2021,120.0,190.0,310.0,9370.0,9680.0
EHAM,LDSP,2021,229.56643356643357,532.7482517482517,762.3146853146853,6913.923076923077,7676.237762237763
EHAM,LGKO,2021,321.45454545454544,429.6931818181818,751.1477272727273,11910.011363636364,12661.15909090909
EHAM,LYBE,2021,327.0810810810811,592.5621621621622,919.6432432432432,7282.989189189189,8202.632432432432
EHAM,LGTS,2021,212.0648148148148,255.36111111111111,467.4259259259259,9660.75925925926,10128.185185185184
EHAM,EGAA,2021,288.81081081081084,410.5945945945946,699.4054054054054,5357.540540540541,6056.945945945946
EHAM,LEZL,2020,90.61904761904762,449.7936507936508,540.4126984126984,9482.52380952381,10022.936507936507
EHAM,LIRN,2020,48.170731707317074,108.57317073170732,156.7439024390244,7844.3536585365855,8001.09756097561
EHBK,EGCN,2020,60.0,263.0,323.0,4685.0,5008.0
EHEH,EGPH,2021,11.88888888888889,-145.66666666666666,-133.77777777777777,5510.666666666667,5376.888888888889
EHAM,LBSF,2020,23.130769230769232,134.56923076923076,157.7,8934.153846153846,9091.853846153846
EHEH,LGTS,2020,60.0,2.8461538461538463,62.84615384615385,9384.615384615385,9447.461538461539
EHAM,EBCI,2020,608.5714285714286,521.1428571428571,1129.7142857142858,2725.714285714286,3855.4285714285716
EHRD,LEPA,2021,193.75,162.09375,355.84375,7792.375,8148.21875
EHAM,LGAV,2021,193.85274725274726,303.0813186813187,496.9340659340659,10726.951648351649,11223.885714285714
EHRD,EIDW,2021,-636.0,-545.0,-1181.0,7391.0,6210.0
EHAM,ENCN,2020,-275.468085106383,248.5744680851064,-26.893617021276597,4095.308510638298,4068.4148936170213
EHBK,EGBB,2020,-771.6021505376344,-1524.774193548387,-2296.3763440860216,6361.075268817204,4064.6989247311826
EHEH,LIMC,2021,114.86363636363636,-718.6818181818181,-603.8181818181819,5735.227272727273,5131.409090909091
EHEH,LWSK,2021,184.0909090909091,153.21212121212122,337.3030303030303,8638.39393939394,8975.69696969697
EHAM,LFPO,2020,407.48275862068965,278.7586206896552,686.2413793103449,4065.655172413793,4751.896551724138
EHAM,BIAR,2020,-500.0,-437.6666666666667,-937.6666666666666,10232.666666666666,9295.0
EHAM,LDRI,2020,720.0,654.0,1374.0,6643.0,8017.0
EHAM,LEZG,2020,-281.8,337.98333333333335,56.18333333333333,6729.4,6785.583333333333
EHRD,LEGE,2020,-462.72727272727275,-422.0,-884.7272727272727,6290.090909090909,5405.363636363636
EHAM,LGKF,2020,-64.5,-555.0,-619.5,10402.0,9782.5
EHEH,EPLB,2021,-154.05,30.95,-123.1,6761.05,6637.95
EHEH,LERS,2021,326.6666666666667,-94.70370370370371,231.96296296296296,7681.148148148148,7913.111111111111
EHAM,ENAL,2020,-179.72222222222223,190.16666666666666,10.444444444444445,6339.925925925926,6350.37037037037
EHEH,LEZL,2020,-150.56410256410257,-171.92307692307693,-322.4871794871795,9521.846153846154,9199.358974358975
EHAM,EHRD,2020,450.0,681.5,1131.5,1085.0,2216.5
EHEH,EPPO,2020,-523.2413793103449,-843.1034482758621,-1366.344827586207,5348.137931034483,3981.793103448276
EHAM,LIRQ,2021,188.7686274509804,555.4705882352941,744.2392156862745,6050.607843137255,6794.84705882353
EHAM,EGNJ,2021,-91.61538461538461,227.3846153846154,135.76923076923077,3121.230769230769,3257.0
EHEH,EPWR,2021,-186.375,-435.7083333333333,-622.0833333333334,5216.25,4594.166666666667
EHRD,LOWI,2021,-272.57142857142856,-276.92857142857144,-549.5,4640.285714285715,4090.785714285714
EHBK,LOWS,2020,210.0,38.5,248.5,4455.0,4703.5
EHRD,LSGG,2020,216.66666666666666,65.83333333333333,282.5,4725.0,5007.5
EHAM,ESOE,2020,-240.0,667.0,427.0,4940.0,5367.0
EHRD,LGAV,2020,-840.0,-1279.0,-2119.0,11070.0,8951.0
EHAM,LSGG,2021,48.70825335892514,70.96737044145873,119.67562380038387,4669.318618042226,4788.994241842611
EHBK,EINN,2021,690.0,605.5,1295.5,6001.5,7297.0
EHAM,LEAL,2020,69.80097087378641,373.1456310679612,442.9466019417476,8430.898058252427,8873.844660194174
EHBK,LFSB,2020,-471.29411764705884,-644.1764705882352,-1115.4705882352941,3403.0588235294117,2287.5882352941176
EHBK,LRAR,2020,600.0,120.0,720.0,7743.0,8463.0
EHBK,LFLL,2020,-510.0,-571.2222222222222,-1081.2222222222222,4407.222222222223,3326.0
EHBK,EBBR,2021,300.0,352.5,652.5,1822.5,2475.0
EHBK,EGBB,2021,-1077.9080459770114,-1649.5172413793102,-2727.425287356322,6165.505747126437,3438.080459770115
EHAM,EDDM,2020,-41.70749542961609,327.9616087751371,286.25411334552103,4037.4405850091407,4323.694698354661
EHGG,EGMC,2020,-833.5,-1057.75,-1891.25,4764.5,2873.25
EHBK,EPWA,2020,-423.14285714285717,-774.8571428571429,-1198.0,6114.142857142857,4916.142857142857
EHAM,EGCC,2021,183.23060344827587,167.8793103448276,351.10991379310343,4055.560344827586,4406.670258620689
EHAM,EFIV,2020,-540.0,439.0,-101.0,10024.0,9923.0
EHAM,LROP,2021,192.63061224489795,22.99795918367347,215.62857142857143,9277.959183673469,9493.58775510204
EHAM,LHBP,2021,68.54046997389034,280.2480417754569,348.78851174934726,6378.313315926893,6727.101827676241
EHAM,LPMA,2021,295.27777777777777,653.7037037037037,948.9814814814815,13898.518518518518,14847.5
EHAM,LWSK,2021,780.0,1079.0,1859.0,8821.0,10680.0
EHAM,LFLB,2020,20.0,-73.66666666666667,-53.666666666666664,5079.333333333333,5025.666666666667
EHRD,LFMT,2020,-145.0,-615.75,-760.75,6164.0,5403.25
EHRD,LFMN,2021,30.0,-751.5,-721.5,6887.5,6166.0
EHRD,LSZH,2021,0.0,-54.0,-54.0,5392.0,5338.0
EHAM,LKPR,2021,62.2060606060606,177.0909090909091,239.2969696969697,4606.951515151515,4846.248484848485
EHAM,EKCH,2021,55.419485791610285,237.0744248985115,292.49391069012177,4214.358592692828,4506.85250338295
EHAM,EBBR,2021,118.49643705463183,319.13064133016627,437.6270783847981,1970.790973871734,2408.418052256532
EHAM,LJLJ,2020,-52.35,55.45,3.1,5566.75,5569.85
EHRD,LGKR,2020,-164.57142857142858,-383.42857142857144,-548.0,9384.142857142857,8836.142857142857
EHEH,LGZA,2020,-267.57142857142856,-542.8571428571429,-810.4285714285714,10349.57142857143,9539.142857142857
EHEH,EPPO,2021,188.1578947368421,-35.36842105263158,152.78947368421052,5385.105263157895,5537.894736842105
EHAM,LGMT,2021,356.2857142857143,404.14285714285717,760.4285714285714,10874.42857142857,11634.857142857143
EHAM,LDZD,2021,114.66666666666667,560.6666666666666,675.3333333333334,6887.666666666667,7563.0
EHBK,LHBP,2020,-345.0,130.5,-214.5,6017.0,5802.5
EHAM,ENZV,2021,42.72727272727273,164.35177865612647,207.07905138339922,4843.596837944664,5050.675889328063
EHAM,EBLG,2021,94.25,335.75,430.0,2356.75,2786.75
EHAM,EYVI,2020,-122.625,431.4431818181818,308.8181818181818,6995.852272727273,7304.670454545455
EHEH,LEBL,2020,59.08,-45.56,13.52,7018.04,7031.56
EHAM,LIPX,2020,113.36111111111111,109.27777777777777,222.63888888888889,5589.083333333333,5811.722222222223
EHAM,EHEH,2020,664.6666666666666,138.33333333333334,803.0,2973.3333333333335,3776.3333333333335
EHGG,EGCC,2020,-600.0,-1194.5,-1794.5,5215.0,3420.5
EHAM,LEMG,2021,354.91129032258067,605.2943548387096,960.2056451612904,10021.90927419355,10982.114919354839
EHAM,LEMH,2021,329.4,322.06666666666666,651.4666666666667,8221.8,8873.266666666666
EHRD,LFTH,2020,-291.375,-606.0,-897.375,6737.375,5840.0
EHEH,EPKT,2020,-501.5,-359.06944444444446,-860.5694444444445,5551.097222222223,4690.527777777777
EHBK,EGSS,2020,-245.0,-196.33333333333334,-441.3333333333333,3346.0,2904.6666666666665
EHAM,EINN,2020,0.0,228.0,228.0,5786.0,6014.0
EHAM,LPLA,2021,228.0,-164.0,64.0,16073.2,16137.2
EHAM,EGKK,2021,-52.044117647058826,-10.963235294117647,-63.00735294117647,3572.5588235294117,3509.551470588235
EHAM,EKYT,2021,30.682539682539684,433.5820105820106,464.2645502645503,4007.0793650793653,4471.343915343916
EHGG,EDDF,2020,240.0,95.0,335.0,3210.0,3545.0
EHLE,EDDG,2020,340.0,267.0,607.0,2575.0,3182.0
EHAM,LYBE,2020,257.7125,485.3125,743.025,7310.4375,8053.4625
EHRD,EHAM,2020,0.0,176.5,176.5,1080.75,1257.25
EHEH,EDDL,2020,-803.0,-1160.0,-1963.0,2704.0,741.0
EHAM,LEZG,2021,149.9506172839506,577.925925925926,727.8765432098766,7133.049382716049,7860.925925925926
EHAM,LFPO,2021,-259.52777777777777,55.47222222222222,-204.05555555555554,3700.4166666666665,3496.3611111111113
EHAM,ETSI,2020,-391.5,-183.0,-574.5,4534.0,3959.5
EHAM,LGSR,2020,-193.33333333333334,14.555555555555555,-178.77777777777777,11632.666666666666,11453.888888888889
EHAM,LIEA,2020,181.77777777777777,-169.11111111111111,12.666666666666666,7663.555555555556,7676.222222222223
EHAM,LGMK,2021,217.3181818181818,271.8181818181818,489.1363636363636,11516.181818181818,12005.318181818182
EHAM,LEMH,2020,-480.0,-286.0,-766.0,7361.5,6595.5
EHAM,EETN,2021,44.56818181818182,453.07954545454544,497.64772727272725,7796.295454545455,8293.943181818182
EHEH,LGIR,2021,17.568181818181817,-268.72727272727275,-251.1590909090909,11920.09090909091,11668.931818181818
EHAM,EGGP,2020,-246.5211267605634,-399.92957746478874,-646.4507042253521,4589.577464788732,3943.1267605633802
EHAM,LGKO,2020,-122.21739130434783,-195.1304347826087,-317.3478260869565,12057.434782608696,11740.08695652174
EHAM,EBCI,2021,1128.7058823529412,996.4117647058823,2125.1176470588234,2884.0,5009.117647058823
EHRD,LIBR,2021,-171.4375,-51.625,-223.0625,8338.625,8115.5625
EHAM,LIRP,2020,52.659574468085104,443.70212765957444,496.36170212765956,5911.234042553191,6407.595744680851
EHRD,LDZA,2020,-550.0,-506.5,-1056.5,6668.0,5611.5
EHGG,LGIR,2020,-257.14285714285717,-404.7142857142857,-661.8571428571429,12379.0,11717.142857142857
EHEH,LGSA,2021,180.0,152.0,332.0,12103.0,12435.0
EHAM,LEMG,2020,190.14909090909092,403.11636363636364,593.2654545454545,9847.018181818183,10440.283636363636
EHEH,LOWI,2020,-259.82142857142856,-708.3571428571429,-968.1785714285714,4769.214285714285,3801.035714285714
EHTW,EDDF,2021,360.0,-310.0,50.0,3634.0,3684.0
EHAM,EGBB,2021,132.0930930930931,191.00900900900902,323.1021021021021,3909.5225225225226,4232.624624624625
EHAM,EFRO,2021,1260.0,1278.0,2538.0,10802.0,13340.0
EHAM,EGSS,2020,-283.9887640449438,74.1685393258427,-209.82022471910113,3046.5112359550562,2836.691011235955
EHAM,EGGP,2021,-2.7,-211.3,-214.0,4903.075,4689.075
EHRD,LPPT,2020,70.0,-99.0,-29.0,10247.333333333334,10218.333333333334
EHBK,LSGG,2020,180.0,-363.0,-183.0,4003.0,3820.0
EHBK,ELLX,2020,-180.0,-90.0,-270.0,2487.0,2217.0
EHAM,LGKP,2020,-640.0,-259.3333333333333,-899.3333333333334,11830.333333333334,10931.0
EHAM,EHGG,2021,206.11764705882354,534.4705882352941,740.5882352941177,1962.235294117647,2702.823529411765
EHBK,EGPD,2020,-540.0,-2112.0,-2652.0,10214.0,7562.0
EHGG,LGIR,2021,520.0,85.33333333333333,605.3333333333334,12327.111111111111,12932.444444444445
EHAM,LBSF,2021,78.14406779661017,276.7118644067797,354.85593220338984,8706.677966101695,9061.533898305084
EHAM,EGPB,2021,-480.0,-2153.0,-2633.0,11165.0,8532.0
EHBK,ETNL,2020,-660.0,-910.0,-1570.0,4759.0,3189.0
EHRD,LICJ,2021,90.55555555555556,169.33333333333334,259.8888888888889,8874.222222222223,9134.111111111111
EHAM,LSGG,2020,-69.24552429667519,-181.89514066496164,-251.14066496163682,4745.25831202046,4494.117647058823
EHAM,EDDK,2020,-704.0,-644.8,-1348.8,2936.0,1587.2
EHEH,LGKO,2020,-430.0,-670.5,-1100.5,11754.333333333334,10653.833333333334
EHAM,LQSA,2020,540.0,744.0,1284.0,7236.0,8520.0
EHAM,LFBD,2021,123.45627376425855,450.3079847908745,573.7642585551331,5346.357414448669,5920.121673003802
EHEH,LOWS,2021,-95.83333333333333,-551.9166666666666,-647.75,4699.083333333333,4051.3333333333335
EHAM,LKTB,2021,600.0,687.0,1287.0,5198.0,6485.0
EHRD,LICJ,2020,-139.77777777777777,-315.1111111111111,-454.8888888888889,9093.555555555555,8638.666666666666
EHAM,LGMK,2020,-246.3,156.3,-90.0,11375.0,11285.0
EHAM,LIEE,2020,132.53333333333333,211.0,343.53333333333336,8182.6,8526.133333333333
EHAM,EDDM,2021,86.87846153846154,212.4953846153846,299.37384615384616,4392.764615384615,4692.138461538461
EHBK,LEAL,2020,-332.3076923076923,-352.2692307692308,-684.5769230769231,8724.5,8039.923076923077
EHBK,LROP,2020,-12.0,-428.6,-440.6,9316.6,8876.0
EHEH,EHAM,2021,-507.14285714285717,-640.9285714285714,-1148.0714285714287,2209.285714285714,1061.2142857142858
EHAM,ENZV,2020,-194.02314814814815,62.282407407407405,-131.74074074074073,4612.138888888889,4480.398148148148
EHAM,LBBG,2020,-818.8,-668.4,-1487.2,9902.2,8415.0
EHAM,EDDC,2021,-5.923076923076923,170.80769230769232,164.8846153846154,4264.5192307692305,4429.403846153846
EHRD,EGNJ,2021,60.0,192.0,252.0,2929.0,3181.0
EHAM,LIBD,2020,171.625,315.9166666666667,487.5416666666667,8083.145833333333,8570.6875
EHEH,LIPH,2020,300.0,116.0,416.0,5462.4,5878.4
EHEH,LGIR,2020,-530.7058823529412,-944.0588235294117,-1474.764705882353,12182.70588235294,10707.941176470587
EHGG,LKPR,2021,-900.0,-1567.0,-2467.0,4774.0,2307.0
EHBK,EBLG,2020,-127.5,-34.75,-162.25,1218.125,1055.875
EHAM,EGTK,2021,-720.0,43.0,-677.0,2907.0,2230.0
EHAM,EKSB,2021,-172.5,-30.5,-203.0,4745.5,4542.5
EHAM,ESGG,2021,12.64850136239782,247.64032697547685,260.28882833787463,4771.24523160763,5031.534059945504
EHEH,EPRZ,2021,558.4285714285714,1181.5714285714287,1740.0,6249.857142857143,7989.857142857143
EHGG,ETSI,2021,-900.0,-1254.0,-2154.0,5133.0,2979.0
EHBK,EGSS,2021,-26.666666666666668,106.44444444444444,79.77777777777777,3473.3333333333335,3553.1111111111113
EHEH,LPBJ,2021,420.0,438.0,858.0,9642.0,10500.0
EHAM,LIRF,2020,33.693370165745854,-180.83977900552486,-147.146408839779,7305.803867403315,7158.657458563536
EHAM,EICK,2020,-251.64814814814815,167.88888888888889,-83.75925925925925,5501.990740740741,5418.231481481482
EHEH,LEGE,2020,90.16666666666667,-203.04166666666666,-112.875,6712.041666666667,6599.166666666667
EHEH,LQTZ,2020,-5.275862068965517,59.206896551724135,53.93103448275862,6989.758620689655,7043.689655172414
EHGG,LEPA,2020,-780.0,-904.0,-1684.0,7986.0,6302.0
EHEH,LEGR,2020,60.0,31.0,91.0,8684.0,8775.0
EHAM,LIPO,2020,840.0,890.0,1730.0,5555.0,7285.0
EHAM,LRCL,2021,282.9230769230769,793.2307692307693,1076.1538461538462,7742.0,8818.153846153846
EHAM,EBBR,2020,-33.078947368421055,149.08552631578948,116.00657894736842,1954.5065789473683,2070.5131578947367
EHAM,EGGW,2020,-26.582914572864322,226.12060301507537,199.53768844221105,3265.005025125628,3464.542713567839
EHAM,EPKT,2020,44.857142857142854,455.14285714285717,500.0,5762.428571428572,6262.428571428572
EHAM,LDDU,2021,103.09302325581395,260.6511627906977,363.74418604651163,7684.395348837209,8048.139534883721
EHAM,LKPR,2020,48.02168674698795,-25.896385542168673,22.125301204819277,4929.277108433735,4951.402409638554
EHAM,ESSA,2020,-6.072494669509595,273.181236673774,267.1087420042644,6194.991471215352,6462.100213219616
EHRD,EGLC,2020,-310.1186440677966,-168.94915254237287,-479.06779661016947,2878.762711864407,2399.6949152542375
EHRD,LDDU,2021,96.92307692307692,70.53846153846153,167.46153846153845,7616.538461538462,7784.0
EHBK,LEBL,2021,75.0,-195.0,-120.0,7252.0,7132.0
EHEH,LEAL,2021,168.91469194312796,235.70616113744074,404.62085308056874,8421.492890995261,8826.11374407583
EHAM,LBBG,2021,310.22727272727275,-18.136363636363637,292.09090909090907,10497.181818181818,10789.272727272728
EHAM,EFKT,2021,435.0,851.875,1286.875,10961.875,12248.75
EHEH,LHBP,2020,-258.6990291262136,-357.378640776699,-616.0776699029126,6432.0873786407765,5816.0097087378645
EHAM,LFML,2021,366.225988700565,480.38418079096044,846.6101694915254,6026.90395480226,6873.514124293785
EHAM,ENTO,2021,58.4390243902439,158.85365853658536,217.29268292682926,5294.09756097561,5511.390243902439
EHEH,LICC,2020,143.5,-445.07142857142856,-301.57142857142856,9663.642857142857,9362.07142857143
EHEH,LKPR,2020,-213.72413793103448,-507.3448275862069,-721.0689655172414,4565.517241379311,3844.448275862069
EHEH,LWSK,2020,-5.235294117647059,42.35294117647059,37.11764705882353,8731.764705882353,8768.882352941177
EHAM,LIEO,2020,157.1,-626.85,-469.75,8351.2,7881.45
EHEH,EPRZ,2020,-495.25,-424.25,-919.5,6354.25,5434.75
EHBK,LFPB,2021,180.0,378.0,558.0,2978.0,3536.0
EHEH,LIBR,2021,355.36842105263156,274.42105263157896,629.7894736842105,8164.473684210527,8794.263157894737
EHTW,EBBR,2021,-556.0,-1042.0,-1598.0,3102.0,1504.0
EHEH,LIME,2020,-257.7837837837838,-820.1081081081081,-1077.8918918918919,5460.648648648648,4382.756756756757
EHRD,ESNX,2020,810.0,2159.0,2969.0,12300.0,15269.0
EHEH,LFMN,2021,245.65384615384616,-67.84615384615384,177.80769230769232,6436.423076923077,6614.2307692307695
EHRD,LIPB,2021,71.0,-336.5,-265.5,6815.25,6549.75
EHEH,LEAL,2020,-193.47368421052633,-310.5921052631579,-504.0657894736842,8468.598684210527,7964.5328947368425
EHRD,LMML,2020,60.0,-17.0,43.0,10466.0,10509.0
EHAM,LGMT,2020,48.2,-250.8,-202.6,11205.4,11002.8
EHEH,LEJR,2021,-360.0,-1005.0,-1365.0,10541.0,9176.0
EHEH,LESO,2021,762.0,802.0,1564.0,6012.0,7576.0
EHEH,LFBZ,2021,-390.0,-679.5,-1069.5,6660.5,5591.0
EHAM,LFBO,2021,129.48363636363635,297.3309090909091,426.81454545454545,5859.807272727273,6286.6218181818185
EHAM,LFRN,2021,142.60526315789474,403.1842105263158,545.7894736842105,4488.394736842105,5034.184210526316
EHAM,ESSL,2021,-104.80952380952381,176.13095238095238,71.32142857142857,5608.0,5679.321428571428
EHEH,EPWA,2021,123.1842105263158,-82.65789473684211,40.526315789473685,6319.315789473684,6359.8421052631575
EHGG,EGSS,2021,540.0,130.0,670.0,3896.0,4566.0
EHEH,EINN,2020,120.0,-282.0,-162.0,6146.0,5984.0
EHAM,LGZA,2020,-212.0,-188.1,-400.1,10460.433333333332,10060.333333333334
EHAM,LIMC,2020,62.24603174603175,-434.2195767195767,-371.97354497354496,5857.941798941799,5485.9682539682535
EHAM,ENDU,2020,120.0,303.6666666666667,423.6666666666667,9948.333333333334,10372.0
EHAM,EGPH,2021,56.174041297935105,481.60766961651916,537.7817109144543,4366.811209439528,4904.592920353983
EHAM,EPGD,2021,-11.664495114006515,-49.88925081433225,-61.55374592833876,5817.508143322476,5755.954397394137
EHAM,EGNT,2021,16.637323943661972,179.5281690140845,196.16549295774647,4049.975352112676,4246.140845070423
EHAM,EGGW,2021,-149.28658536585365,106.32926829268293,-42.957317073170735,3350.6768292682927,3307.7195121951218
EHAM,LFSB,2020,-50.307377049180324,87.11475409836065,36.807377049180324,3972.651639344262,4009.4590163934427
EHEH,LGAV,2020,-226.61702127659575,-469.82978723404256,-696.4468085106383,10802.787234042553,10106.340425531915
EHRD,ENZV,2020,-300.0,-579.0,-879.0,7627.0,6748.0
EHGG,EHAM,2021,-367.4375,-841.9375,-1209.375,2602.4375,1393.0625
EHEH,EDDM,2021,360.0,3804.0,4164.0,4521.0,8685.0
EHAM,EHTW,2021,0.0,34.0,34.0,2334.0,2368.0
EHAM,LGSR,2021,190.71428571428572,614.8571428571429,805.5714285714286,11390.607142857143,12196.17857142857
EHEH,LBBG,2021,109.0,3.75,112.75,10072.625,10185.375
EHAM,LPMA,2020,42.61290322580645,328.5806451612903,371.19354838709677,14081.645161290322,14452.838709677419
EHEH,EPMO,2021,132.0,89.53658536585365,221.53658536585365,6018.487804878048,6240.024390243902
EHAM,EGLL,2020,-69.70431472081218,483.6802030456853,413.9758883248731,2958.3921319796955,3372.3680203045687
EHEH,LIRA,2020,-225.375,-324.25,-549.625,6732.3125,6182.6875
EHAM,LGPZ,2020,58.89655172413793,231.24137931034483,290.13793103448273,9694.586206896553,9984.724137931034
EHRD,LHBP,2021,-180.0,-727.0,-907.0,6724.0,5817.0
EHBK,LGIR,2021,-420.0,-775.0,-1195.0,12017.0,10822.0
EHRD,LFOK,2020,-180.0,689.0,509.0,4168.0,4677.0
EHRD,LIRZ,2020,-13.333333333333334,7.111111111111111,-6.222222222222222,6484.666666666667,6478.444444444444
EHAM,EGAC,2021,-93.55384615384615,128.86153846153846,35.30769230769231,4818.753846153846,4854.0615384615385
EHRD,LFPO,2021,300.0,-3305.6666666666665,-3005.6666666666665,8685.666666666666,5680.0
EHEH,LQSA,2021,356.18518518518516,499.77777777777777,855.9629629629629,6908.074074074074,7764.037037037037
EHAM,LGRP,2021,255.85333333333332,336.64,592.4933333333333,12453.72,13046.213333333333
EHBK,LOWS,2021,-480.0,-783.0,-1263.0,4229.0,2966.0
EHAM,BIKF,2020,-52.88461538461539,-132.10256410256412,-184.98717948717947,10712.23076923077,10527.24358974359
EHEH,EYVI,2020,-149.21212121212122,103.51515151515152,-45.696969696969695,7121.818181818182,7076.121212121212
EHBK,LOWW,2020,-1367.6666666666667,-1083.0,-2450.6666666666665,5094.666666666667,2644.0
EHAM,LPPT,2021,347.76791277258565,460.904984423676,808.6728971962617,9996.057632398753,10804.730529595015
EHAM,EGSS,2021,-211.0873015873016,152.22222222222223,-58.86507936507937,2920.5714285714284,2861.7063492063494
EHAM,LATI,2020,160.0,56.0,216.0,8507.833333333334,8723.833333333334
EHAM,LGSK,2021,-225.0,59.25,-165.75,10053.5,9887.75
EHAM,ETNL,2021,240.0,848.0,1088.0,3541.0,4629.0
EHAM,EDDS,2021,122.88724035608308,91.1454005934718,214.0326409495549,3877.4480712166173,4091.480712166172
EHRD,LEZL,2021,900.0,1095.0,1995.0,9278.0,11273.0
EHAM,EGNV,2020,-256.3623188405797,-60.88405797101449,-317.2463768115942,3752.478260869565,3435.231884057971
EHGG,ESSA,2021,-600.0,-381.0,-981.0,5611.0,4630.0
EHAM,ESSA,2021,81.17704918032787,336.3,417.47704918032787,6467.752459016393,6885.229508196721
EHEH,LOWI,2021,-120.81818181818181,-213.04545454545453,-333.8636363636364,4478.954545454545,4145.090909090909
EHAM,LIRP,2021,215.78048780487805,664.7073170731708,880.4878048780488,5959.256097560976,6839.743902439024
EHEH,EPMO,2020,-191.55172413793105,-421.48275862068965,-613.0344827586207,6093.6551724137935,5480.620689655172
EHRD,LDSP,2020,-132.0,-108.5,-240.5,7107.625,6867.125
EHBK,LIBR,2021,-928.0,759.0,-169.0,7753.0,7584.0
EHAM,EGBB,2020,-64.56231003039514,-154.40729483282675,-218.9696048632219,3888.756838905775,3669.7872340425533
EHAM,LPPR,2020,56.537688442211056,292.91959798994975,349.4572864321608,8661.964824120603,9011.422110552763
EHAM,EGMC,2020,220.1951219512195,157.41463414634146,377.609756097561,3196.268292682927,3573.878048780488
EHGG,LGZA,2021,-144.0,-228.4,-372.4,10381.8,10009.4
EHEH,LOWW,2021,146.48076923076923,295.9423076923077,442.4230769230769,5261.961538461538,5704.384615384615
EHRD,LPPT,2021,-75.28,-49.44,-124.72,9805.0,9680.28
EHBK,EFHK,2021,253.0,239.25,492.25,7854.5,8346.75
EHAM,EDDF,2020,-46.773480662983424,-76.08011049723757,-122.853591160221,3405.189226519337,3282.335635359116
EHEH,EGPH,2020,-552.4285714285714,-677.5714285714286,-1230.0,5384.428571428572,4154.428571428572
EHAM,LFTH,2020,-378.0,-372.0,-750.0,6260.5,5510.5
EHAM,EPPO,2021,-31.0,21.71794871794872,-9.282051282051283,5327.897435897436,5318.615384615385
EHEH,ENDU,2020,30.0,-247.5,-217.5,11306.0,11088.5
EHBK,LFAQ,2020,-420.0,-221.0,-641.0,2393.0,1752.0
EHAM,ENGM,2021,64.68463073852296,297.12175648702595,361.8063872255489,5721.107784431138,6082.914171656686
EHRD,LEGE,2021,-39.45454545454545,29.181818181818183,-10.272727272727273,6380.818181818182,6370.545454545455
EHAM,EGKK,2020,-177.0314465408805,-25.836477987421382,-202.8679245283019,3444.7421383647797,3241.874213836478
EHEH,EGSS,2020,-283.22680412371136,-156.30927835051546,-439.5360824742268,3146.2474226804125,2706.7113402061855
EHRD,LFLB,2020,2814.0,2708.0,5522.0,5711.5,11233.5
EHAM,LICT,2020,320.0,271.6666666666667,591.6666666666666,9122.0,9713.666666666666
EHBK,LFPB,2020,47.0,479.5,526.5,3042.5,3569.0
EHAM,ELLX,2021,15.019718309859154,269.7464788732394,284.7661971830986,2814.676056338028,3099.442253521127
EHAM,LGKL,2021,45.875,537.25,583.125,10725.9375,11309.0625
EHRD,LFBE,2020,-149.38888888888889,-232.11111111111111,-381.5,5194.555555555556,4813.055555555556
EHBK,LMML,2020,62.57142857142857,-48.857142857142854,13.714285714285714,9515.42857142857,9529.142857142857
EHEH,LIPH,2021,214.3846153846154,-212.0,2.3846153846153846,5473.846153846154,5476.2307692307695
EHBK,LGKO,2021,240.0,-4.0,236.0,11348.0,11584.0
EHAM,EPGD,2020,-24.242424242424242,-1.9393939393939394,-26.181818181818183,5599.775757575758,5573.59393939394
EHAM,LFLL,2021,53.26299694189603,289.1070336391437,342.37003058103977,4903.22629969419,5245.59633027523
EHRD,LFLS,2021,0.0,278.0,278.0,5056.0,5334.0
EHBK,LGRP,2021,-660.0,-1435.0,-2095.0,12484.0,10389.0
EHRD,LOWI,2020,-119.33333333333333,-339.8888888888889,-459.22222222222223,4860.555555555556,4401.333333333333
EHRD,LFGA,2020,1140.0,1129.0,2269.0,5006.0,7275.0
EHAM,LDSP,2020,-144.58333333333334,270.9583333333333,126.375,6856.958333333333,6983.333333333333
EHAM,ENCN,2021,34.34177215189873,394.253164556962,428.59493670886076,4405.962025316456,4834.556962025316
EHEH,EHAM,2020,-72.0,208.6,136.6,1668.0,1804.6
EHAM,LIMF,2021,154.3046875,317.4453125,471.75,5340.484375,5812.234375
EHAM,LFMT,2021,246.08474576271186,41.220338983050844,287.3050847457627,6247.389830508475,6534.6949152542375
EHAM,LRBS,2021,1346.0,1563.0,2909.0,9315.0,12224.0
EHAM,ELLX,2020,-86.96761133603239,279.91902834008096,192.95141700404858,2688.6437246963565,2881.595141700405
EHEH,EVRA,2020,-220.57894736842104,-6.7894736842105265,-227.3684210526316,7224.9473684210525,6997.578947368421
EHRD,EGBB,2021,360.0,710.0,1070.0,3276.0,4346.0
EHAM,EGLL,2021,108.3290780141844,732.0382978723404,840.3673758865248,2902.8468085106383,3743.214184397163
EHAM,LEBB,2021,103.5662100456621,165.11415525114154,268.68036529680364,6877.529680365296,7146.2100456621
EHAM,LFLL,2020,0.43951612903225806,173.2741935483871,173.71370967741936,4937.0161290322585,5110.729838709677
EHAM,LIPR,2020,1521.75,1529.0,3050.75,6707.5,9758.25
EHRD,LIRF,2020,-240.0,-817.75,-1057.75,7649.0,6591.25
EHAM,LIRF,2021,117.75548589341693,-26.681818181818183,91.07366771159874,7292.984326018809,7384.057993730407
EHAM,LGKR,2021,420.7068965517241,741.8965517241379,1162.603448275862,9293.931034482759,10456.534482758621
EHRD,LEBB,2020,-194.0,-578.625,-772.625,7307.375,6534.75
EHEH,LIMC,2020,-95.45945945945945,-900.5135135135135,-995.972972972973,5713.027027027027,4717.054054054054
EHEH,ENGM,2020,1080.0,488.0,1568.0,6396.0,7964.0
EHAM,LICJ,2021,87.9,-133.6,-45.7,9477.2,9431.5
EHEH,LBWN,2020,-121.02380952380952,-491.6190476190476,-612.6428571428571,10195.02380952381,9582.380952380952
EHBK,EFHK,2020,90.0,137.0,227.0,7673.5,7900.5
EHBK,LKPR,2020,-240.0,-349.5,-589.5,4248.5,3659.0
EHEH,LDZD,2021,198.55555555555554,282.8888888888889,481.44444444444446,6190.555555555556,6672.0
EHGG,LIPE,2021,-30.0,-124.5,-154.5,5915.0,5760.5
EHAM,EGLC,2021,25.81756756756757,227.65202702702703,253.46959459459458,3006.4189189189187,3259.8885135135133
EHAM,EGPH,2020,-175.48816568047337,168.71597633136093,-6.772189349112426,4328.094674556213,4321.322485207101
EHEH,LATI,2020,-128.3,-170.9,-299.2,8458.9,8159.7
EHAM,EDHI,2021,-1035.0,-273.0,-1308.0,2554.75,1246.75
EHBK,LFPG,2021,735.5,446.5,1182.0,3472.5,4654.5
EHAM,ENVA,2021,16.851063829787233,348.7163120567376,365.5673758865248,7228.156028368794,7593.723404255319
EHEH,LIBR,2020,-277.8666666666667,-348.2,-626.0666666666667,8210.533333333333,7584.466666666666
EHRD,EGPD,2020,-276.5,-1276.0,-1552.5,6090.0,4537.5
EHAM,LFMN,2020,-34.57857142857143,-83.81785714285714,-118.39642857142857,6490.510714285714,6372.114285714286
EHEH,LHBP,2021,123.61764705882354,77.05882352941177,200.6764705882353,6422.245098039216,6622.921568627451
EHAM,LOWW,2020,67.52898550724638,425.57246376811594,493.1014492753623,5327.966183574879,5821.067632850241
EHEH,EIDW,2020,-347.72,-951.08,-1298.8,6032.16,4733.36
EHRD,EDDM,2020,-240.0,2297.0,2057.0,4692.0,6749.0
EHBK,LGPZ,2021,-360.0,-408.0,-768.0,9630.0,8862.0
EHEH,LPPT,2021,247.78494623655914,238.27956989247312,486.06451612903226,9862.806451612903,10348.870967741936
EHAM,LMML,2021,1173.7096774193549,1269.0645161290322,2442.7741935483873,9939.58064516129,12382.354838709678
EHBK,LGAV,2020,60.0,-7249.0,-7189.0,18144.0,10955.0
EHBK,LFAC,2020,60.0,-24.0,36.0,2805.0,2841.0
EHTW,EDDF,2020,-1500.0,-1967.0,-3467.0,3643.0,176.0
EHAM,EGFF,2021,37.741379310344826,73.67241379310344,111.41379310344827,4268.879310344828,4380.293103448276
EHAM,LFPG,2020,29.736526946107784,133.78922155688622,163.52574850299402,3458.271856287425,3621.797604790419
EHAM,EDDH,2020,-119.51381215469613,-244.04419889502762,-363.55801104972375,3416.9364640883978,3053.3784530386743
EHAM,EETN,2020,-185.87037037037038,116.44444444444444,-69.42592592592592,7549.962962962963,7480.537037037037
EHAM,EDDP,2020,118.03664921465969,144.4240837696335,262.4607329842932,4177.240837696335,4439.701570680629
EHBK,ENGM,2020,-415.0,-616.5833333333334,-1031.5833333333333,6150.333333333333,5118.75
EHAM,ENTC,2020,-240.0,510.0,270.0,10109.0,10379.0
EHGG,EGSH,2020,-330.0,-776.5,-1106.5,4004.0,2897.5
EHAM,LEGE,2020,-381.85714285714283,165.28571428571428,-216.57142857142858,5993.571428571428,5777.0
EHAM,EDDL,2021,20.439093484419264,124.48441926345609,144.92351274787535,2266.331444759207,2411.254957507082
EHAM,LEGE,2021,142.8,365.0571428571429,507.85714285714283,6627.628571428571,7135.4857142857145
EHAM,LGSA,2021,403.0,629.7307692307693,1032.7307692307693,12014.76923076923,13047.5
EHEH,EPWA,2020,-128.4878048780488,-391.0975609756098,-519.5853658536586,6354.804878048781,5835.219512195122
EHEH,EDDK,2020,120.0,-527.0,-407.0,2854.0,2447.0
EHAM,LICC,2020,130.3768115942029,-178.7536231884058,-48.3768115942029,9836.101449275362,9787.72463768116
EHAM,ESSL,2020,-286.2170542635659,185.7829457364341,-100.43410852713178,5186.2558139534885,5085.821705426357
EHAM,LFBO,2020,41.89047619047619,154.0095238095238,195.9,5916.2,6112.1
EHEH,LPFR,2021,156.08333333333334,66.32638888888889,222.40972222222223,10363.444444444445,10585.854166666666
EHAM,LOWI,2020,105.04,142.7,247.74,4734.5,4982.24
EHRD,LEIB,2020,-195.0,-895.6,-1090.6,8811.0,7720.4
EHEH,EDDR,2021,240.0,270.0,510.0,2550.0,3060.0
EHEH,LEMD,2021,214.09677419354838,269.96774193548384,484.06451612903226,7923.580645161291,8407.645161290322
EHAM,LEPA,2020,-331.17910447761193,-7.597014925373134,-338.7761194029851,7575.223880597015,7236.44776119403
EHBK,LFJL,2020,-180.0,-34.0,-214.0,2202.0,1988.0
EHAM,LJLJ,2021,179.0857142857143,427.77142857142854,606.8571428571429,5549.771428571428,6156.628571428571
EHEH,LIRA,2021,294.8529411764706,194.7941176470588,489.6470588235294,6772.588235294118,7262.235294117647
EHAM,EPWA,2020,30.502906976744185,-56.82848837209303,-26.325581395348838,6277.218023255814,6250.892441860465
EHEH,LPFR,2020,40.85271317829457,-91.28682170542636,-50.434108527131784,10274.170542635658,10223.736434108527
EHEH,EKCH,2020,-506.90909090909093,-487.09090909090907,-994.0,4345.909090909091,3351.909090909091
EHAM,ENKR,2020,-240.0,1625.0,1385.0,11561.0,12946.0
EHAM,LFPB,2021,440.0,538.3333333333334,978.3333333333334,3162.6666666666665,4141.0
EHAM,LFST,2021,114.29113924050633,25.658227848101266,139.9493670886076,3954.3291139240505,4094.278481012658
EHGG,ENDU,2021,-600.0,-517.0,-1117.0,9300.0,8183.0
EHAM,EGVN,2021,240.0,-811.0,-571.0,5034.0,4463.0
EHRD,LGTS,2021,-300.0,-727.0,-1027.0,10066.0,9039.0
EHAM,LGSM,2021,241.5151515151515,410.030303030303,651.5454545454545,11507.0,12158.545454545454
EHEH,LGRP,2021,-38.2,-299.3333333333333,-337.53333333333336,12194.6,11857.066666666668
EHRD,LEAL,2020,-76.35820895522389,30.865671641791046,-45.492537313432834,8382.388059701492,8336.89552238806
EHBK,LBBG,2021,150.0,-639.5,-489.5,10702.0,10212.5
EHRD,LFPG,2021,360.0,137.0,497.0,3136.0,3633.0
EHBK,EGKK,2021,337.57142857142856,-225.42857142857142,112.14285714285714,4645.857142857143,4758.0
EHAM,LGKF,2021,358.03846153846155,755.5384615384615,1113.576923076923,9892.076923076924,11005.653846153846
EHEH,EPLB,2020,-303.7916666666667,-116.79166666666667,-420.5833333333333,6582.166666666667,6161.583333333333
EHRD,LOWS,2021,-503.5,-961.5,-1465.0,5027.916666666667,3562.9166666666665
EHAM,LATI,2021,-540.0,853.0,313.0,8810.0,9123.0
EHAM,LEVX,2020,-300.0,-613.0,-913.0,7849.0,6936.0
EHEH,EKKA,2020,720.0,419.6666666666667,1139.6666666666667,4492.333333333333,5632.0
EHAM,LIME,2020,-150.0,721.0,571.0,6163.5,6734.5
EHAM,ESMS,2021,376.0,2940.0,3316.0,3480.0,6796.0
EHAM,LIRA,2021,-1080.0,1134.0,54.0,5750.0,5804.0
EHEH,LGKO,2021,310.45454545454544,280.6363636363636,591.0909090909091,11631.772727272728,12222.863636363636
EHAM,EGCC,2020,-99.37629937629937,-253.3970893970894,-352.7733887733888,4084.798336798337,3732.024948024948
EHAM,LGSM,2020,-41.53846153846154,184.69230769230768,143.15384615384616,11300.384615384615,11443.538461538461
EHAM,EKKA,2021,-630.0,415.0,-215.0,2870.0,2655.0
EHAM,ENAL,2021,-16.361702127659573,174.2340425531915,157.87234042553192,6791.893617021276,6949.765957446809
EHEH,EVRA,2021,48.44,181.16,229.6,7321.36,7550.96
EHAM,EDDV,2020,-110.62721893491124,-69.47928994082841,-180.10650887573965,2926.248520710059,2746.1420118343194
EHRD,LEBL,2020,-108.78571428571429,-109.07142857142857,-217.85714285714286,6878.642857142857,6660.785714285715
EHAM,LFRT,2021,-360.0,-143.33333333333334,-503.3333333333333,5144.0,4640.666666666667
EHBK,LFRM,2021,41.0,-822.0,-781.0,5349.0,4568.0
EHGG,LFRT,2021,-480.0,-520.0,-1000.0,7522.0,6522.0
EHAM,EDDF,2021,63.47254150702427,-482.25031928480206,-418.77777777777777,3989.575989782886,3570.798212005109
EHRD,LEAL,2021,29.930434782608696,186.15652173913043,216.08695652173913,8378.84347826087,8594.93043478261
EHAM,EKYT,2020,-193.69189189189188,238.56756756756758,44.87567567567567,3807.8702702702703,3852.745945945946
EHEH,EYKA,2020,-369.1,-294.0,-663.1,7155.7,6492.6
EHEH,LFML,2020,-113.5,-179.66666666666666,-293.1666666666667,5315.5,5022.333333333333
EHAM,LIMJ,2020,-19.88235294117647,439.5098039215686,419.62745098039215,5582.549019607844,6002.176470588235
EHEH,LOWW,2020,-267.58730158730157,-147.9047619047619,-415.4920634920635,5242.984126984127,4827.492063492064
EHEH,LIRP,2020,-270.0357142857143,-113.35714285714286,-383.39285714285717,5491.428571428572,5108.035714285715
EHBK,EGKK,2020,-607.75,-1263.5,-1871.25,4593.75,2722.5
EHEH,LHDC,2021,141.3913043478261,-58.69565217391305,82.69565217391305,7087.782608695652,7170.478260869565
EHBK,EBCI,2021,60.0,-57.0,3.0,2091.0,2094.0
EHBK,EGLF,2021,-720.0,-647.0,-1367.0,3977.0,2610.0
EHAM,LIME,2021,-10.431818181818182,-358.29545454545456,-368.72727272727275,6016.340909090909,5647.613636363636
EHRD,LKTB,2021,-443.0,-1262.0,-1705.0,8298.0,6593.0
EHAM,LIEE,2021,112.92,260.0,372.92,7988.36,8361.28
EHBK,ESSA,2021,-180.0,-247.0,-427.0,6770.0,6343.0
EHRD,LRCK,2020,-410.0,-633.0,-1043.0,10351.833333333334,9308.833333333334
EHAM,LIPZ,2021,53.9013698630137,-265.47945205479454,-211.57808219178082,6065.77808219178,5854.2
EHAM,EGNM,2021,90.89542483660131,295.27450980392155,386.16993464052285,3585.8627450980393,3972.032679738562
EHAM,EGSY,2021,1558.0,2504.5,4062.5,4305.5,8368.0
EHEH,EYVI,2021,228.38297872340425,383.5744680851064,611.9574468085107,7233.489361702128,7845.446808510638
EHEH,LEMG,2020,-120.32075471698113,-185.66666666666666,-305.9874213836478,9795.031446540881,9489.044025157233
EHEH,LIRN,2020,-82.5,-253.5625,-336.0625,7666.1875,7330.125
EHAM,LFPG,2021,123.09454191033139,270.22124756335285,393.3157894736842,3457.106237816764,3850.4220272904486
EHAM,ENBR,2021,-51.208480565371026,78.31095406360424,27.102473498233216,5588.250883392227,5615.3533568904595
EHAM,LEPA,2021,369.9961685823755,487.28735632183907,857.2835249042146,8103.214559386974,8960.498084291188
EHEH,EYKA,2021,-180.0,-324.6666666666667,-504.6666666666667,7342.666666666667,6838.0
EHRD,LOWW,2020,-257.9,-227.4,-485.3,5412.7,4927.4
EHBK,LICC,2020,360.0,1.0,361.0,9032.0,9393.0
EHBK,EDDK,2021,1320.0,1038.0,2358.0,1974.0,4332.0
EHAM,LGIR,2021,302.7202380952381,270.8809523809524,573.6011904761905,12190.125,12763.72619047619
EHRD,LFBE,2021,18.08,-97.36,-79.28,5361.36,5282.08
EHAM,LIML,2021,-29.067622950819672,353.7950819672131,324.7274590163934,5100.831967213115,5425.559426229508
EHBK,EBLG,2021,-553.3333333333334,-584.5555555555555,-1137.888888888889,1197.0,59.111111111111114
EHRD,LPFR,2020,75.47945205479452,7.36986301369863,82.84931506849315,10194.657534246575,10277.506849315068
EHAM,EDDS,2020,-107.21005917159763,-157.81360946745562,-265.02366863905326,3974.4112426035504,3709.387573964497
EHAM,LFLC,2020,240.0,666.0,906.0,4915.0,5821.0
EHBK,EHGG,2021,-560.0,-245.44444444444446,-805.4444444444445,2449.4444444444443,1644.0
EHEH,LFMN,2020,-68.5625,-863.0,-931.5625,6469.5,5537.9375
EHAM,LIBD,2021,210.80263157894737,256.5131578947368,467.3157894736842,8189.75,8657.065789473685
EHEH,LEPA,2021,312.6222222222222,252.7111111111111,565.3333333333334,7745.1,8310.433333333332
EHAM,EFKS,2021,615.0,1244.75,1859.75,10585.25,12445.0
EHRD,LDDU,2020,-587.4,-458.2,-1045.6,7828.8,6783.2
EHAM,LIEA,2021,467.375,795.125,1262.5,7615.375,8877.875
EHAM,EICK,2021,63.17142857142857,506.4142857142857,569.5857142857143,5484.75,6054.335714285714
EHEH,LFTH,2020,480.0,256.5,736.5,6025.5,6762.0
EHEH,EGCC,2021,115.5,441.44444444444446,556.9444444444445,4025.277777777778,4582.222222222223
EHRD,LEAM,2021,-52.26315789473684,-153.68421052631578,-205.94736842105263,9780.578947368422,9574.631578947368
EHAM,EFRO,2020,-514.0,-263.3333333333333,-777.3333333333334,9367.333333333334,8590.0
EHRD,LIMC,2020,180.0,-602.0,-422.0,5702.0,5280.0
EHRD,EGLC,2021,-190.0,-94.42857142857143,-284.42857142857144,2767.3571428571427,2482.9285714285716
EHAM,LSZS,2021,1080.0,1296.0,2376.0,5188.0,7564.0
EHAM,LGKP,2021,252.83333333333334,730.1111111111111,982.9444444444445,12330.222222222223,13313.166666666666
EHAM,EGSH,2020,-295.3008849557522,-193.75221238938053,-489.05309734513276,2518.548672566372,2029.495575221239
EHAM,EKBI,2021,-86.27462686567164,291.56119402985075,205.2865671641791,3336.6955223880595,3541.982089552239
EHEH,LPPR,2020,-55.30952380952381,-150.1904761904762,-205.5,8822.714285714286,8617.214285714286
EHAM,LFRN,2020,8.566666666666666,76.36666666666666,84.93333333333334,4406.133333333333,4491.066666666667
EHAM,EYVI,2021,170.8,534.17,704.97,7328.48,8033.45
EHAM,EINN,2021,-2744.0,-884.0,-3628.0,3785.0,157.0
EHAM,EFHK,2020,-67.75066312997347,233.20424403183023,165.45358090185675,7601.870026525199,7767.323607427055
EHAM,EDFM,2020,840.0,440.0,1280.0,4070.0,5350.0
EHAM,EDFH,2020,-1740.0,679.0,-1061.0,1096.0,35.0
EHBK,LFOK,2020,300.0,235.0,535.0,2728.0,3263.0
EHEH,LEIB,2021,156.77697841726618,-153.33093525179856,3.446043165467626,8663.755395683453,8667.20143884892
EHBK,LSGG,2021,240.0,-340.0,-100.0,4711.0,4611.0
EHAM,LFST,2020,177.14583333333334,211.35416666666666,388.5,3736.8125,4125.3125
EHBK,EHAM,2020,-70.0,-218.55555555555554,-288.55555555555554,2705.5555555555557,2417.0
EHRD,LFMT,2021,-147.5,-441.75,-589.25,6150.625,5561.375
EHAM,EDDH,2021,-8.060185185185185,-278.7199074074074,-286.7800925925926,3628.733796296296,3341.953703703704
EHEH,LPPR,2021,419.3492063492063,328.3492063492063,747.6984126984127,8788.301587301587,9536.0
EHRD,LEBL,2021,-15.975609756097562,-30.5609756097561,-46.53658536585366,6902.609756097561,6856.073170731707
EHBK,EBOS,2021,0.0,-59.0,-59.0,2829.5,2770.5
EHAM,ESGG,2020,-109.31528662420382,109.36305732484077,0.04777070063694268,4626.426751592357,4626.474522292993
EHEH,LOWS,2020,-318.8,-606.6666666666666,-925.4666666666667,4788.466666666666,3863.0
EHAM,LGIR,2020,-142.30612244897958,-119.40816326530613,-261.7142857142857,12160.367346938776,11898.65306122449
EHBK,LFLL,2021,-55.38461538461539,-114.6923076923077,-170.07692307692307,4400.692307692308,4230.615384615385
EHRD,EIDW,2020,-80.0,-78.0,-158.0,4939.0,4781.0
EHBK,LFQQ,2021,600.0,396.0,996.0,2674.0,3670.0
EHBK,EPWA,2021,96.0,-25.0,71.0,6328.0,6399.0
EHBK,LKMT,2020,480.0,-132.0,348.0,6127.0,6475.0
EHBK,ESGG,2021,-180.0,-459.0,-639.0,7651.0,7012.0
EHRD,EDDL,2021,-300.0,-571.0,-871.0,3232.0,2361.0
EHBK,EDDE,2021,240.0,-544.0,-304.0,3965.0,3661.0
EHBK,EKCH,2021,240.0,62.0,302.0,4592.0,4894.0
EHAM,ENDU,2021,-87.0,84.0,-3.0,9693.0,9690.0
EHBK,ELLX,2021,-1080.0,-1003.0,-2083.0,1987.0,-96.0
EHAM,LFPB,2020,900.0,506.0,1406.0,4473.0,5879.0
EHBK,EGPH,2020,-180.0,-170.0,-350.0,5609.0,5259.0
EHEH,EKKA,2021,-540.0,-796.5,-1336.5,4936.5,3600.0
EHBK,EGGW,2021,1620.0,949.0,2569.0,4528.0,7097.0
EHBK,EIDW,2020,-360.0,-476.0,-836.0,5732.0,4896.0
EHAM,LSZB,2021,-648.5,93.5,-555.0,3939.5,3384.5
EHBK,LBBG,2020,-420.0,-1374.0,-1794.0,9798.0,8004.0
EHRD,LRCK,2021,7.0,-851.6666666666666,-844.6666666666666,11538.333333333334,10693.666666666666
EHBK,LHBP,2021,100.0,76.33333333333333,176.33333333333334,6173.0,6349.333333333333
EHBK,EIDW,2021,420.0,30.0,450.0,5747.0,6197.0
EHBK,LEMD,2021,-960.0,-1393.0,-2353.0,7937.0,5584.0
EHAM,LRAR,2020,-1440.0,-299.0,-1739.0,7187.0,5448.0
EHAM,LXGB,2021,-60.0,943.0,883.0,10085.0,10968.0
EHAM,EBAW,2021,-420.0,82.0,-338.0,2459.0,2121.0
EHBK,EGCN,2021,420.0,812.0,1232.0,4228.0,5460.0
EHAM,EGHH,2021,1380.0,1606.0,2986.0,4037.0,7023.0
